Entity,Code,Year,Age-standardized death rate from stroke among both sexes
Afghanistan,AFG,2000,238.30687
Afghanistan,AFG,2001,240.88594
Afghanistan,AFG,2002,240.554
Afghanistan,AFG,2003,240.00952
Afghanistan,AFG,2004,238.23048
Afghanistan,AFG,2005,235.71028
Afghanistan,AFG,2006,231.004
Afghanistan,AFG,2007,220.87114
Afghanistan,AFG,2008,211.52518
Afghanistan,AFG,2009,203.49313
Afghanistan,AFG,2010,197.24355
Afghanistan,AFG,2011,194.84897
Afghanistan,AFG,2012,191.88808
Afghanistan,AFG,2013,187.2859
Afghanistan,AFG,2014,183.29556
Afghanistan,AFG,2015,179.80318
Afghanistan,AFG,2016,177.8846
Afghanistan,AFG,2017,178.24176
Afghanistan,AFG,2018,175.95988
Afghanistan,AFG,2019,174.92963
Afghanistan,AFG,2020,180.28662
Afghanistan,AFG,2021,164.23868
Africa,OWID_AFR,2000,127.40354
Africa,OWID_AFR,2001,127.236885
Africa,OWID_AFR,2002,126.93572
Africa,OWID_AFR,2003,126.850334
Africa,OWID_AFR,2004,124.75105
Africa,OWID_AFR,2005,122.15855
Africa,OWID_AFR,2006,121.811905
Africa,OWID_AFR,2007,121.13835
Africa,OWID_AFR,2008,120.37289
Africa,OWID_AFR,2009,119.36146
Africa,OWID_AFR,2010,119.0552
Africa,OWID_AFR,2011,117.3199
Africa,OWID_AFR,2012,116.01322
Africa,OWID_AFR,2013,113.67927
Africa,OWID_AFR,2014,112.93645
Africa,OWID_AFR,2015,113.14305
Africa,OWID_AFR,2016,111.25443
Africa,OWID_AFR,2017,109.50838
Africa,OWID_AFR,2018,109.163765
Africa,OWID_AFR,2019,108.08659
Africa,OWID_AFR,2020,111.99897
Africa,OWID_AFR,2021,107.696945
Albania,ALB,2000,213.19394
Albania,ALB,2001,145.93938
Albania,ALB,2002,164.77481
Albania,ALB,2003,186.44472
Albania,ALB,2004,175.51344
Albania,ALB,2005,174.33044
Albania,ALB,2006,164.83261
Albania,ALB,2007,156.69986
Albania,ALB,2008,149.34232
Albania,ALB,2009,141.47607
Albania,ALB,2010,132.68309
Albania,ALB,2011,126.75735
Albania,ALB,2012,150.25276
Albania,ALB,2013,143.85031
Albania,ALB,2014,144.13446
Albania,ALB,2015,155.3282
Albania,ALB,2016,164.00328
Albania,ALB,2017,173.37021
Albania,ALB,2018,182.2179
Albania,ALB,2019,190.87083
Albania,ALB,2020,199.84793
Albania,ALB,2021,117.14013
Algeria,DZA,2000,97.3446
Algeria,DZA,2001,95.81969
Algeria,DZA,2002,94.48411
Algeria,DZA,2003,94.495674
Algeria,DZA,2004,93.56497
Algeria,DZA,2005,92.5381
Algeria,DZA,2006,91.80207
Algeria,DZA,2007,91.08607
Algeria,DZA,2008,90.77294
Algeria,DZA,2009,89.76637
Algeria,DZA,2010,91.23583
Algeria,DZA,2011,90.903015
Algeria,DZA,2012,88.247116
Algeria,DZA,2013,87.80734
Algeria,DZA,2014,86.26415
Algeria,DZA,2015,83.9056
Algeria,DZA,2016,82.56958
Algeria,DZA,2017,81.37469
Algeria,DZA,2018,82.021576
Algeria,DZA,2019,81.98904
Algeria,DZA,2020,87.77299
Algeria,DZA,2021,89.79354
Andorra,AND,2000,30.315136
Andorra,AND,2001,28.624428
Andorra,AND,2002,26.885843
Andorra,AND,2003,25.624811
Andorra,AND,2004,25.5239
Andorra,AND,2005,24.828257
Andorra,AND,2006,23.666016
Andorra,AND,2007,20.811749
Andorra,AND,2008,19.17598
Andorra,AND,2009,17.790009
Andorra,AND,2010,17.16453
Andorra,AND,2011,17.0816
Andorra,AND,2012,17.594374
Andorra,AND,2013,19.122923
Andorra,AND,2014,20.538818
Andorra,AND,2015,22.022297
Andorra,AND,2016,23.0881
Andorra,AND,2017,22.562849
Andorra,AND,2018,22.166433
Andorra,AND,2019,21.61006
Andorra,AND,2020,15.289009
Andorra,AND,2021,17.013334
Angola,AGO,2000,154.67868
Angola,AGO,2001,148.47896
Angola,AGO,2002,146.8831
Angola,AGO,2003,147.45883
Angola,AGO,2004,145.37848
Angola,AGO,2005,138.07935
Angola,AGO,2006,138.50229
Angola,AGO,2007,130.52129
Angola,AGO,2008,126.43734
Angola,AGO,2009,122.82688
Angola,AGO,2010,117.84512
Angola,AGO,2011,116.82728
Angola,AGO,2012,113.54849
Angola,AGO,2013,113.012634
Angola,AGO,2014,106.331375
Angola,AGO,2015,107.959694
Angola,AGO,2016,107.138535
Angola,AGO,2017,106.45237
Angola,AGO,2018,112.40469
Angola,AGO,2019,115.8793
Angola,AGO,2020,122.2243
Angola,AGO,2021,120.61884
Antigua and Barbuda,ATG,2000,78.31229
Antigua and Barbuda,ATG,2001,62.387665
Antigua and Barbuda,ATG,2002,65.761185
Antigua and Barbuda,ATG,2003,69.806244
Antigua and Barbuda,ATG,2004,64.49207
Antigua and Barbuda,ATG,2005,67.46078
Antigua and Barbuda,ATG,2006,60.3043
Antigua and Barbuda,ATG,2007,61.825314
Antigua and Barbuda,ATG,2008,52.242737
Antigua and Barbuda,ATG,2009,52.58099
Antigua and Barbuda,ATG,2010,52.822495
Antigua and Barbuda,ATG,2011,56.478767
Antigua and Barbuda,ATG,2012,60.461353
Antigua and Barbuda,ATG,2013,69.19535
Antigua and Barbuda,ATG,2014,75.543045
Antigua and Barbuda,ATG,2015,77.19636
Antigua and Barbuda,ATG,2016,68.89314
Antigua and Barbuda,ATG,2017,66.52801
Antigua and Barbuda,ATG,2018,61.930096
Antigua and Barbuda,ATG,2019,60.662174
Antigua and Barbuda,ATG,2020,58.27306
Antigua and Barbuda,ATG,2021,35.29735
Argentina,ARG,2000,62.63346
Argentina,ARG,2001,61.57977
Argentina,ARG,2002,60.884388
Argentina,ARG,2003,61.694004
Argentina,ARG,2004,57.221012
Argentina,ARG,2005,51.230286
Argentina,ARG,2006,48.629845
Argentina,ARG,2007,47.610737
Argentina,ARG,2008,45.32769
Argentina,ARG,2009,42.604164
Argentina,ARG,2010,43.16571
Argentina,ARG,2011,40.525745
Argentina,ARG,2012,39.383694
Argentina,ARG,2013,39.226444
Argentina,ARG,2014,40.13493
Argentina,ARG,2015,40.805634
Argentina,ARG,2016,41.48088
Argentina,ARG,2017,37.491604
Argentina,ARG,2018,35.70787
Argentina,ARG,2019,34.678337
Argentina,ARG,2020,31.619068
Argentina,ARG,2021,31.841307
Armenia,ARM,2000,120.00469
Armenia,ARM,2001,115.13283
Armenia,ARM,2002,121.617355
Armenia,ARM,2003,118.48112
Armenia,ARM,2004,109.924
Armenia,ARM,2005,107.01013
Armenia,ARM,2006,98.67048
Armenia,ARM,2007,97.78711
Armenia,ARM,2008,95.59333
Armenia,ARM,2009,86.554955
Armenia,ARM,2010,77.96577
Armenia,ARM,2011,75.299644
Armenia,ARM,2012,70.231155
Armenia,ARM,2013,62.076664
Armenia,ARM,2014,63.396584
Armenia,ARM,2015,56.617645
Armenia,ARM,2016,56.58628
Armenia,ARM,2017,55.991257
Armenia,ARM,2018,43.69641
Armenia,ARM,2019,47.569317
Armenia,ARM,2020,51.004307
Armenia,ARM,2021,56.21153
Asia,OWID_ASI,2000,138.49306
Asia,OWID_ASI,2001,138.41158
Asia,OWID_ASI,2002,138.31226
Asia,OWID_ASI,2003,139.78796
Asia,OWID_ASI,2004,139.64334
Asia,OWID_ASI,2005,136.85728
Asia,OWID_ASI,2006,129.25232
Asia,OWID_ASI,2007,125.62485
Asia,OWID_ASI,2008,124.12391
Asia,OWID_ASI,2009,122.11985
Asia,OWID_ASI,2010,120.625206
Asia,OWID_ASI,2011,117.10703
Asia,OWID_ASI,2012,112.819214
Asia,OWID_ASI,2013,109.94865
Asia,OWID_ASI,2014,107.21417
Asia,OWID_ASI,2015,104.92963
Asia,OWID_ASI,2016,103.48694
Asia,OWID_ASI,2017,101.986176
Asia,OWID_ASI,2018,100.62129
Asia,OWID_ASI,2019,99.42064
Asia,OWID_ASI,2020,97.34246
Asia,OWID_ASI,2021,95.69301
Australia,AUS,2000,37.34873
Australia,AUS,2001,35.315857
Australia,AUS,2002,34.695507
Australia,AUS,2003,32.969627
Australia,AUS,2004,31.75672
Australia,AUS,2005,30.723091
Australia,AUS,2006,29.351343
Australia,AUS,2007,27.408848
Australia,AUS,2008,27.56556
Australia,AUS,2009,25.067677
Australia,AUS,2010,24.222366
Australia,AUS,2011,23.754765
Australia,AUS,2012,22.299591
Australia,AUS,2013,20.949171
Australia,AUS,2014,20.802477
Australia,AUS,2015,20.280966
Australia,AUS,2016,19.45318
Australia,AUS,2017,18.511478
Australia,AUS,2018,17.953661
Australia,AUS,2019,17.347477
Australia,AUS,2020,16.190819
Australia,AUS,2021,16.285587
Austria,AUT,2000,51.26207
Austria,AUT,2001,46.720623
Austria,AUT,2002,45.9882
Austria,AUT,2003,41.727257
Austria,AUT,2004,32.16875
Austria,AUT,2005,31.151264
Austria,AUT,2006,30.429253
Austria,AUT,2007,28.429869
Austria,AUT,2008,27.205534
Austria,AUT,2009,26.334484
Austria,AUT,2010,25.397379
Austria,AUT,2011,23.67724
Austria,AUT,2012,24.354229
Austria,AUT,2013,23.857895
Austria,AUT,2014,22.348171
Austria,AUT,2015,22.820572
Austria,AUT,2016,20.12834
Austria,AUT,2017,20.162107
Austria,AUT,2018,19.19879
Austria,AUT,2019,19.614882
Austria,AUT,2020,19.415344
Austria,AUT,2021,18.389563
Azerbaijan,AZE,2000,136.65656
Azerbaijan,AZE,2001,125.64511
Azerbaijan,AZE,2002,130.4084
Azerbaijan,AZE,2003,137.43112
Azerbaijan,AZE,2004,137.6449
Azerbaijan,AZE,2005,139.34041
Azerbaijan,AZE,2006,154.41339
Azerbaijan,AZE,2007,127.327705
Azerbaijan,AZE,2008,141.49008
Azerbaijan,AZE,2009,132.27855
Azerbaijan,AZE,2010,126.69173
Azerbaijan,AZE,2011,119.76972
Azerbaijan,AZE,2012,112.18671
Azerbaijan,AZE,2013,103.05889
Azerbaijan,AZE,2014,97.336624
Azerbaijan,AZE,2015,87.51778
Azerbaijan,AZE,2016,85.943474
Azerbaijan,AZE,2017,78.861534
Azerbaijan,AZE,2018,75.505005
Azerbaijan,AZE,2019,69.31558
Azerbaijan,AZE,2020,74.82201
Azerbaijan,AZE,2021,59.1315
Bahamas,BHS,2000,53.0089
Bahamas,BHS,2001,52.189617
Bahamas,BHS,2002,49.343292
Bahamas,BHS,2003,53.179043
Bahamas,BHS,2004,56.000885
Bahamas,BHS,2005,52.04728
Bahamas,BHS,2006,49.84489
Bahamas,BHS,2007,48.623253
Bahamas,BHS,2008,49.027756
Bahamas,BHS,2009,48.90664
Bahamas,BHS,2010,49.230972
Bahamas,BHS,2011,46.519737
Bahamas,BHS,2012,45.78529
Bahamas,BHS,2013,43.444862
Bahamas,BHS,2014,45.319405
Bahamas,BHS,2015,43.12717
Bahamas,BHS,2016,43.989933
Bahamas,BHS,2017,43.315926
Bahamas,BHS,2018,42.946613
Bahamas,BHS,2019,43.026505
Bahamas,BHS,2020,42.8353
Bahamas,BHS,2021,41.686913
Bahrain,BHR,2000,167.32658
Bahrain,BHR,2001,163.45018
Bahrain,BHR,2002,158.24908
Bahrain,BHR,2003,160.80309
Bahrain,BHR,2004,156.15892
Bahrain,BHR,2005,149.22318
Bahrain,BHR,2006,133.09848
Bahrain,BHR,2007,120.08008
Bahrain,BHR,2008,108.829
Bahrain,BHR,2009,99.108925
Bahrain,BHR,2010,96.07404
Bahrain,BHR,2011,90.287544
Bahrain,BHR,2012,83.037636
Bahrain,BHR,2013,73.60267
Bahrain,BHR,2014,65.214516
Bahrain,BHR,2015,67.77562
Bahrain,BHR,2016,72.15704
Bahrain,BHR,2017,69.94552
Bahrain,BHR,2018,66.27266
Bahrain,BHR,2019,64.81576
Bahrain,BHR,2020,66.539024
Bahrain,BHR,2021,69.629745
Bangladesh,BGD,2000,197.09074
Bangladesh,BGD,2001,201.12663
Bangladesh,BGD,2002,214.21413
Bangladesh,BGD,2003,216.86969
Bangladesh,BGD,2004,207.62206
Bangladesh,BGD,2005,204.63208
Bangladesh,BGD,2006,207.77687
Bangladesh,BGD,2007,205.2455
Bangladesh,BGD,2008,195.36078
Bangladesh,BGD,2009,186.27519
Bangladesh,BGD,2010,179.01979
Bangladesh,BGD,2011,150.27563
Bangladesh,BGD,2012,128.28978
Bangladesh,BGD,2013,122.87679
Bangladesh,BGD,2014,122.760185
Bangladesh,BGD,2015,118.88806
Bangladesh,BGD,2016,116.673996
Bangladesh,BGD,2017,122.22405
Bangladesh,BGD,2018,120.57506
Bangladesh,BGD,2019,119.34991
Bangladesh,BGD,2020,121.03386
Bangladesh,BGD,2021,115.10623
Barbados,BRB,2000,74.13266
Barbados,BRB,2001,72.50936
Barbados,BRB,2002,73.689735
Barbados,BRB,2003,75.138504
Barbados,BRB,2004,70.89259
Barbados,BRB,2005,67.43701
Barbados,BRB,2006,65.16007
Barbados,BRB,2007,65.72977
Barbados,BRB,2008,62.36447
Barbados,BRB,2009,59.557495
Barbados,BRB,2010,60.928844
Barbados,BRB,2011,60.633457
Barbados,BRB,2012,58.868958
Barbados,BRB,2013,58.664967
Barbados,BRB,2014,59.344128
Barbados,BRB,2015,58.67416
Barbados,BRB,2016,59.585434
Barbados,BRB,2017,59.052288
Barbados,BRB,2018,60.264572
Barbados,BRB,2019,63.556477
Barbados,BRB,2020,58.10036
Barbados,BRB,2021,55.105644
Belarus,BLR,2000,136.4626
Belarus,BLR,2001,141.96944
Belarus,BLR,2002,152.09343
Belarus,BLR,2003,148.95627
Belarus,BLR,2004,145.39052
Belarus,BLR,2005,146.02823
Belarus,BLR,2006,139.49779
Belarus,BLR,2007,130.48598
Belarus,BLR,2008,124.91178
Belarus,BLR,2009,122.62012
Belarus,BLR,2010,120.325226
Belarus,BLR,2011,113.392815
Belarus,BLR,2012,102.94771
Belarus,BLR,2013,98.07739
Belarus,BLR,2014,92.78916
Belarus,BLR,2015,90.789375
Belarus,BLR,2016,90.09936
Belarus,BLR,2017,88.00105
Belarus,BLR,2018,88.11621
Belarus,BLR,2019,85.25738
Belarus,BLR,2020,84.19921
Belarus,BLR,2021,83.3838
Belgium,BEL,2000,41.27658
Belgium,BEL,2001,39.329815
Belgium,BEL,2002,39.518436
Belgium,BEL,2003,38.18667
Belgium,BEL,2004,36.27497
Belgium,BEL,2005,34.29471
Belgium,BEL,2006,32.125153
Belgium,BEL,2007,30.408846
Belgium,BEL,2008,29.885757
Belgium,BEL,2009,28.56811
Belgium,BEL,2010,27.658806
Belgium,BEL,2011,26.266842
Belgium,BEL,2012,25.957748
Belgium,BEL,2013,25.03862
Belgium,BEL,2014,23.794987
Belgium,BEL,2015,23.589676
Belgium,BEL,2016,23.12297
Belgium,BEL,2017,22.264065
Belgium,BEL,2018,22.15912
Belgium,BEL,2019,20.328764
Belgium,BEL,2020,18.822361
Belgium,BEL,2021,19.28514
Belize,BLZ,2000,100.54615
Belize,BLZ,2001,80.18892
Belize,BLZ,2002,71.8268
Belize,BLZ,2003,69.401375
Belize,BLZ,2004,69.446304
Belize,BLZ,2005,65.14243
Belize,BLZ,2006,63.852463
Belize,BLZ,2007,60.84033
Belize,BLZ,2008,55.313267
Belize,BLZ,2009,59.78374
Belize,BLZ,2010,58.141373
Belize,BLZ,2011,56.898655
Belize,BLZ,2012,55.427345
Belize,BLZ,2013,55.78256
Belize,BLZ,2014,56.485622
Belize,BLZ,2015,54.307587
Belize,BLZ,2016,53.89883
Belize,BLZ,2017,55.157578
Belize,BLZ,2018,55.57421
Belize,BLZ,2019,54.38733
Belize,BLZ,2020,57.25995
Belize,BLZ,2021,54.1015
Benin,BEN,2000,174.21776
Benin,BEN,2001,171.84543
Benin,BEN,2002,169.98045
Benin,BEN,2003,167.06728
Benin,BEN,2004,165.2359
Benin,BEN,2005,163.31175
Benin,BEN,2006,161.87323
Benin,BEN,2007,161.2468
Benin,BEN,2008,160.94171
Benin,BEN,2009,160.67226
Benin,BEN,2010,160.3499
Benin,BEN,2011,160.59343
Benin,BEN,2012,159.90874
Benin,BEN,2013,158.34854
Benin,BEN,2014,157.00612
Benin,BEN,2015,156.89493
Benin,BEN,2016,154.74843
Benin,BEN,2017,152.40971
Benin,BEN,2018,150.33034
Benin,BEN,2019,148.0903
Benin,BEN,2020,152.46826
Benin,BEN,2021,146.06989
Bhutan,BTN,2000,81.7111
Bhutan,BTN,2001,79.40237
Bhutan,BTN,2002,76.41852
Bhutan,BTN,2003,75.00925
Bhutan,BTN,2004,73.221214
Bhutan,BTN,2005,71.70496
Bhutan,BTN,2006,70.31412
Bhutan,BTN,2007,68.627266
Bhutan,BTN,2008,67.46231
Bhutan,BTN,2009,66.03427
Bhutan,BTN,2010,64.5714
Bhutan,BTN,2011,63.93087
Bhutan,BTN,2012,63.523407
Bhutan,BTN,2013,63.4455
Bhutan,BTN,2014,63.16564
Bhutan,BTN,2015,63.24359
Bhutan,BTN,2016,62.457897
Bhutan,BTN,2017,62.962173
Bhutan,BTN,2018,61.693623
Bhutan,BTN,2019,59.518772
Bhutan,BTN,2020,57.593464
Bhutan,BTN,2021,55.189644
Bolivia,BOL,2000,96.6471
Bolivia,BOL,2001,91.03173
Bolivia,BOL,2002,86.86801
Bolivia,BOL,2003,82.988014
Bolivia,BOL,2004,79.613945
Bolivia,BOL,2005,77.125084
Bolivia,BOL,2006,74.25442
Bolivia,BOL,2007,73.3114
Bolivia,BOL,2008,71.83151
Bolivia,BOL,2009,70.58104
Bolivia,BOL,2010,69.41957
Bolivia,BOL,2011,68.51069
Bolivia,BOL,2012,66.791115
Bolivia,BOL,2013,65.66308
Bolivia,BOL,2014,64.96052
Bolivia,BOL,2015,64.08883
Bolivia,BOL,2016,62.824272
Bolivia,BOL,2017,61.81303
Bolivia,BOL,2018,60.644093
Bolivia,BOL,2019,59.473022
Bolivia,BOL,2020,63.067986
Bolivia,BOL,2021,59.29523
Bosnia and Herzegovina,BIH,2000,133.86444
Bosnia and Herzegovina,BIH,2001,127.6224
Bosnia and Herzegovina,BIH,2002,122.96382
Bosnia and Herzegovina,BIH,2003,117.643074
Bosnia and Herzegovina,BIH,2004,113.76966
Bosnia and Herzegovina,BIH,2005,111.99682
Bosnia and Herzegovina,BIH,2006,107.96864
Bosnia and Herzegovina,BIH,2007,111.842224
Bosnia and Herzegovina,BIH,2008,104.89726
Bosnia and Herzegovina,BIH,2009,103.00184
Bosnia and Herzegovina,BIH,2010,98.550285
Bosnia and Herzegovina,BIH,2011,95.31454
Bosnia and Herzegovina,BIH,2012,90.07785
Bosnia and Herzegovina,BIH,2013,87.793175
Bosnia and Herzegovina,BIH,2014,86.405525
Bosnia and Herzegovina,BIH,2015,87.487656
Bosnia and Herzegovina,BIH,2016,85.56072
Bosnia and Herzegovina,BIH,2017,85.03473
Bosnia and Herzegovina,BIH,2018,83.83369
Bosnia and Herzegovina,BIH,2019,85.689255
Bosnia and Herzegovina,BIH,2020,87.00121
Bosnia and Herzegovina,BIH,2021,85.91619
Botswana,BWA,2000,118.50061
Botswana,BWA,2001,119.76244
Botswana,BWA,2002,112.09827
Botswana,BWA,2003,109.71915
Botswana,BWA,2004,108.809906
Botswana,BWA,2005,111.770035
Botswana,BWA,2006,101.19843
Botswana,BWA,2007,111.018715
Botswana,BWA,2008,128.06963
Botswana,BWA,2009,135.74136
Botswana,BWA,2010,134.69748
Botswana,BWA,2011,134.86343
Botswana,BWA,2012,134.05313
Botswana,BWA,2013,133.41339
Botswana,BWA,2014,127.23957
Botswana,BWA,2015,118.4101
Botswana,BWA,2016,114.507484
Botswana,BWA,2017,109.72468
Botswana,BWA,2018,103.872406
Botswana,BWA,2019,97.63424
Botswana,BWA,2020,107.183815
Botswana,BWA,2021,90.448975
Brazil,BRA,2000,104.68675
Brazil,BRA,2001,103.018166
Brazil,BRA,2002,100.05748
Brazil,BRA,2003,97.58388
Brazil,BRA,2004,94.83544
Brazil,BRA,2005,89.02169
Brazil,BRA,2006,89.28768
Brazil,BRA,2007,85.30819
Brazil,BRA,2008,83.11536
Brazil,BRA,2009,79.874756
Brazil,BRA,2010,76.317314
Brazil,BRA,2011,73.44732
Brazil,BRA,2012,69.271065
Brazil,BRA,2013,65.74832
Brazil,BRA,2014,62.125256
Brazil,BRA,2015,60.093723
Brazil,BRA,2016,59.07182
Brazil,BRA,2017,55.557365
Brazil,BRA,2018,52.566715
Brazil,BRA,2019,50.953358
Brazil,BRA,2020,51.470818
Brazil,BRA,2021,51.804695
Brunei,BRN,2000,70.69792
Brunei,BRN,2001,72.21088
Brunei,BRN,2002,77.30362
Brunei,BRN,2003,75.97846
Brunei,BRN,2004,70.6804
Brunei,BRN,2005,67.68849
Brunei,BRN,2006,65.66907
Brunei,BRN,2007,63.438385
Brunei,BRN,2008,61.786438
Brunei,BRN,2009,59.247143
Brunei,BRN,2010,57.17803
Brunei,BRN,2011,49.53967
Brunei,BRN,2012,49.32671
Brunei,BRN,2013,49.508442
Brunei,BRN,2014,50.21687
Brunei,BRN,2015,53.4287
Brunei,BRN,2016,56.74992
Brunei,BRN,2017,63.92649
Brunei,BRN,2018,67.0692
Brunei,BRN,2019,64.8267
Brunei,BRN,2020,60.50468
Brunei,BRN,2021,56.686535
Bulgaria,BGR,2000,209.1556
Bulgaria,BGR,2001,197.27402
Bulgaria,BGR,2002,201.36717
Bulgaria,BGR,2003,201.2653
Bulgaria,BGR,2004,190.79823
Bulgaria,BGR,2005,176.59549
Bulgaria,BGR,2006,174.78421
Bulgaria,BGR,2007,169.98946
Bulgaria,BGR,2008,160.36876
Bulgaria,BGR,2009,150.74254
Bulgaria,BGR,2010,151.74414
Bulgaria,BGR,2011,139.06024
Bulgaria,BGR,2012,144.68602
Bulgaria,BGR,2013,137.46234
Bulgaria,BGR,2014,144.32716
Bulgaria,BGR,2015,141.7436
Bulgaria,BGR,2016,127.6268
Bulgaria,BGR,2017,130.99452
Bulgaria,BGR,2018,132.19753
Bulgaria,BGR,2019,128.65063
Bulgaria,BGR,2020,134.61159
Bulgaria,BGR,2021,142.99564
Burkina Faso,BFA,2000,117.67408
Burkina Faso,BFA,2001,120.27902
Burkina Faso,BFA,2002,122.92897
Burkina Faso,BFA,2003,121.33757
Burkina Faso,BFA,2004,120.70626
Burkina Faso,BFA,2005,120.33038
Burkina Faso,BFA,2006,121.10396
Burkina Faso,BFA,2007,121.076836
Burkina Faso,BFA,2008,122.05727
Burkina Faso,BFA,2009,123.574715
Burkina Faso,BFA,2010,122.507095
Burkina Faso,BFA,2011,122.532074
Burkina Faso,BFA,2012,122.07177
Burkina Faso,BFA,2013,121.496254
Burkina Faso,BFA,2014,119.494934
Burkina Faso,BFA,2015,118.043274
Burkina Faso,BFA,2016,117.26632
Burkina Faso,BFA,2017,115.31784
Burkina Faso,BFA,2018,113.49858
Burkina Faso,BFA,2019,110.89103
Burkina Faso,BFA,2020,115.00744
Burkina Faso,BFA,2021,108.28941
Burundi,BDI,2000,201.11876
Burundi,BDI,2001,189.95901
Burundi,BDI,2002,180.68024
Burundi,BDI,2003,173.31363
Burundi,BDI,2004,167.8353
Burundi,BDI,2005,159.13625
Burundi,BDI,2006,151.99774
Burundi,BDI,2007,143.40573
Burundi,BDI,2008,138.29454
Burundi,BDI,2009,138.09756
Burundi,BDI,2010,137.8601
Burundi,BDI,2011,135.48442
Burundi,BDI,2012,134.05711
Burundi,BDI,2013,133.39061
Burundi,BDI,2014,132.02695
Burundi,BDI,2015,129.74484
Burundi,BDI,2016,129.63327
Burundi,BDI,2017,129.36993
Burundi,BDI,2018,128.4809
Burundi,BDI,2019,127.91134
Burundi,BDI,2020,131.78734
Burundi,BDI,2021,136.73705
Cambodia,KHM,2000,222.8327
Cambodia,KHM,2001,216.66992
Cambodia,KHM,2002,204.89137
Cambodia,KHM,2003,200.20316
Cambodia,KHM,2004,196.54173
Cambodia,KHM,2005,192.55406
Cambodia,KHM,2006,187.42249
Cambodia,KHM,2007,185.15074
Cambodia,KHM,2008,182.48999
Cambodia,KHM,2009,181.12334
Cambodia,KHM,2010,180.29636
Cambodia,KHM,2011,178.50653
Cambodia,KHM,2012,176.67728
Cambodia,KHM,2013,174.80856
Cambodia,KHM,2014,174.0327
Cambodia,KHM,2015,172.4099
Cambodia,KHM,2016,170.76093
Cambodia,KHM,2017,169.46596
Cambodia,KHM,2018,167.86311
Cambodia,KHM,2019,166.58057
Cambodia,KHM,2020,167.94174
Cambodia,KHM,2021,162.46484
Cameroon,CMR,2000,154.17184
Cameroon,CMR,2001,161.38814
Cameroon,CMR,2002,163.46263
Cameroon,CMR,2003,168.10397
Cameroon,CMR,2004,166.53084
Cameroon,CMR,2005,168.79684
Cameroon,CMR,2006,168.68353
Cameroon,CMR,2007,168.54573
Cameroon,CMR,2008,168.14444
Cameroon,CMR,2009,166.31755
Cameroon,CMR,2010,165.0176
Cameroon,CMR,2011,163.77197
Cameroon,CMR,2012,164.64651
Cameroon,CMR,2013,164.79494
Cameroon,CMR,2014,165.09453
Cameroon,CMR,2015,161.48305
Cameroon,CMR,2016,157.97014
Cameroon,CMR,2017,154.62404
Cameroon,CMR,2018,150.80768
Cameroon,CMR,2019,148.7608
Cameroon,CMR,2020,153.58127
Cameroon,CMR,2021,143.33183
Canada,CAN,2000,30.147223
Canada,CAN,2001,28.980677
Canada,CAN,2002,28.16099
Canada,CAN,2003,27.003292
Canada,CAN,2004,25.085361
Canada,CAN,2005,23.621086
Canada,CAN,2006,22.275652
Canada,CAN,2007,21.81916
Canada,CAN,2008,20.873919
Canada,CAN,2009,20.608505
Canada,CAN,2010,19.47752
Canada,CAN,2011,18.293663
Canada,CAN,2012,17.585215
Canada,CAN,2013,17.22976
Canada,CAN,2014,16.958078
Canada,CAN,2015,16.90807
Canada,CAN,2016,16.250628
Canada,CAN,2017,16.018305
Canada,CAN,2018,15.305399
Canada,CAN,2019,15.243153
Canada,CAN,2020,15.215644
Canada,CAN,2021,14.569233
Cape Verde,CPV,2000,82.22337
Cape Verde,CPV,2001,84.10873
Cape Verde,CPV,2002,87.535645
Cape Verde,CPV,2003,91.51193
Cape Verde,CPV,2004,96.3775
Cape Verde,CPV,2005,103.0067
Cape Verde,CPV,2006,102.41992
Cape Verde,CPV,2007,106.21951
Cape Verde,CPV,2008,112.01575
Cape Verde,CPV,2009,118.07494
Cape Verde,CPV,2010,117.32647
Cape Verde,CPV,2011,113.78055
Cape Verde,CPV,2012,109.93276
Cape Verde,CPV,2013,107.237595
Cape Verde,CPV,2014,106.713615
Cape Verde,CPV,2015,105.82274
Cape Verde,CPV,2016,109.859985
Cape Verde,CPV,2017,108.79506
Cape Verde,CPV,2018,125.74138
Cape Verde,CPV,2019,121.15799
Cape Verde,CPV,2020,119.4604
Cape Verde,CPV,2021,114.886284
Central African Republic,CAF,2000,182.42363
Central African Republic,CAF,2001,177.66388
Central African Republic,CAF,2002,182.30453
Central African Republic,CAF,2003,172.97284
Central African Republic,CAF,2004,171.49594
Central African Republic,CAF,2005,162.73265
Central African Republic,CAF,2006,170.76442
Central African Republic,CAF,2007,165.95174
Central African Republic,CAF,2008,163.9512
Central African Republic,CAF,2009,187.55827
Central African Republic,CAF,2010,202.62828
Central African Republic,CAF,2011,222.35675
Central African Republic,CAF,2012,200.86792
Central African Republic,CAF,2013,203.34937
Central African Republic,CAF,2014,213.12308
Central African Republic,CAF,2015,215.41423
Central African Republic,CAF,2016,215.97308
Central African Republic,CAF,2017,214.39873
Central African Republic,CAF,2018,217.41222
Central African Republic,CAF,2019,223.39453
Central African Republic,CAF,2020,233.85304
Central African Republic,CAF,2021,206.5553
Chad,TCD,2000,156.52579
Chad,TCD,2001,155.8168
Chad,TCD,2002,158.00343
Chad,TCD,2003,156.83015
Chad,TCD,2004,156.7185
Chad,TCD,2005,156.91782
Chad,TCD,2006,155.94043
Chad,TCD,2007,154.68016
Chad,TCD,2008,156.34323
Chad,TCD,2009,156.4219
Chad,TCD,2010,155.67203
Chad,TCD,2011,154.47516
Chad,TCD,2012,152.8146
Chad,TCD,2013,151.06535
Chad,TCD,2014,148.97128
Chad,TCD,2015,146.46547
Chad,TCD,2016,144.30869
Chad,TCD,2017,145.25452
Chad,TCD,2018,146.21353
Chad,TCD,2019,145.18143
Chad,TCD,2020,151.10365
Chad,TCD,2021,135.39583
Chile,CHL,2000,57.417053
Chile,CHL,2001,55.054787
Chile,CHL,2002,51.552902
Chile,CHL,2003,51.34083
Chile,CHL,2004,48.168877
Chile,CHL,2005,45.200924
Chile,CHL,2006,42.38988
Chile,CHL,2007,42.924706
Chile,CHL,2008,40.81838
Chile,CHL,2009,41.01671
Chile,CHL,2010,43.446545
Chile,CHL,2011,40.864452
Chile,CHL,2012,40.059593
Chile,CHL,2013,39.592117
Chile,CHL,2014,37.38579
Chile,CHL,2015,35.391346
Chile,CHL,2016,34.02931
Chile,CHL,2017,32.425274
Chile,CHL,2018,30.756624
Chile,CHL,2019,29.902966
Chile,CHL,2020,29.740492
Chile,CHL,2021,32.550224
China,CHN,2000,187.11304
China,CHN,2001,188.8352
China,CHN,2002,188.48213
China,CHN,2003,191.87842
China,CHN,2004,193.51862
China,CHN,2005,187.64851
China,CHN,2006,170.95778
China,CHN,2007,163.05736
China,CHN,2008,160.85213
China,CHN,2009,159.34134
China,CHN,2010,156.91417
China,CHN,2011,151.11964
China,CHN,2012,144.09035
China,CHN,2013,138.8578
China,CHN,2014,134.11363
China,CHN,2015,130.01814
China,CHN,2016,128.26169
China,CHN,2017,125.369484
China,CHN,2018,122.90432
China,CHN,2019,120.99669
China,CHN,2020,118.47779
China,CHN,2021,117.4518
Colombia,COL,2000,63.251476
Colombia,COL,2001,59.45803
Colombia,COL,2002,57.723534
Colombia,COL,2003,57.787407
Colombia,COL,2004,54.584045
Colombia,COL,2005,53.25775
Colombia,COL,2006,52.598083
Colombia,COL,2007,49.344135
Colombia,COL,2008,49.025963
Colombia,COL,2009,44.43286
Colombia,COL,2010,42.616146
Colombia,COL,2011,40.82316
Colombia,COL,2012,39.200382
Colombia,COL,2013,38.76951
Colombia,COL,2014,37.61185
Colombia,COL,2015,38.42176
Colombia,COL,2016,36.40569
Colombia,COL,2017,35.985153
Colombia,COL,2018,36.462395
Colombia,COL,2019,34.857098
Colombia,COL,2020,34.222595
Colombia,COL,2021,37.40158
Comoros,COM,2000,152.00624
Comoros,COM,2001,145.49382
Comoros,COM,2002,139.11958
Comoros,COM,2003,132.51933
Comoros,COM,2004,129.03145
Comoros,COM,2005,126.27726
Comoros,COM,2006,124.58087
Comoros,COM,2007,122.65412
Comoros,COM,2008,122.42319
Comoros,COM,2009,120.28351
Comoros,COM,2010,119.75331
Comoros,COM,2011,118.25874
Comoros,COM,2012,117.13376
Comoros,COM,2013,115.21711
Comoros,COM,2014,115.41043
Comoros,COM,2015,113.85305
Comoros,COM,2016,111.87613
Comoros,COM,2017,110.00546
Comoros,COM,2018,109.102585
Comoros,COM,2019,108.8125
Comoros,COM,2020,113.189476
Comoros,COM,2021,108.368965
Congo,COG,2000,205.46614
Congo,COG,2001,191.49222
Congo,COG,2002,179.67712
Congo,COG,2003,166.7198
Congo,COG,2004,167.48492
Congo,COG,2005,161.03004
Congo,COG,2006,150.16177
Congo,COG,2007,148.10648
Congo,COG,2008,144.52298
Congo,COG,2009,143.68924
Congo,COG,2010,140.40869
Congo,COG,2011,138.3893
Congo,COG,2012,136.72429
Congo,COG,2013,132.7878
Congo,COG,2014,128.02238
Congo,COG,2015,122.04185
Congo,COG,2016,116.755394
Congo,COG,2017,114.24867
Congo,COG,2018,116.338646
Congo,COG,2019,118.69518
Congo,COG,2020,114.137955
Congo,COG,2021,108.3197
Cook Islands,COK,2000,91.41449
Cook Islands,COK,2001,83.91789
Cook Islands,COK,2002,78.65963
Cook Islands,COK,2003,75.24761
Cook Islands,COK,2004,71.226685
Cook Islands,COK,2005,71.212006
Cook Islands,COK,2006,70.325294
Cook Islands,COK,2007,65.14705
Cook Islands,COK,2008,64.03122
Cook Islands,COK,2009,62.909706
Cook Islands,COK,2010,63.552074
Cook Islands,COK,2011,62.174263
Cook Islands,COK,2012,62.199085
Cook Islands,COK,2013,61.84947
Cook Islands,COK,2014,61.017014
Cook Islands,COK,2015,60.6201
Cook Islands,COK,2016,61.48702
Cook Islands,COK,2017,60.09988
Cook Islands,COK,2018,59.335293
Cook Islands,COK,2019,57.511723
Cook Islands,COK,2020,57.610413
Cook Islands,COK,2021,59.30289
Costa Rica,CRI,2000,42.447475
Costa Rica,CRI,2001,41.52207
Costa Rica,CRI,2002,34.126152
Costa Rica,CRI,2003,32.634125
Costa Rica,CRI,2004,31.96123
Costa Rica,CRI,2005,28.660194
Costa Rica,CRI,2006,27.741293
Costa Rica,CRI,2007,26.559277
Costa Rica,CRI,2008,24.346567
Costa Rica,CRI,2009,25.65882
Costa Rica,CRI,2010,28.645613
Costa Rica,CRI,2011,27.780724
Costa Rica,CRI,2012,27.382736
Costa Rica,CRI,2013,26.553135
Costa Rica,CRI,2014,26.55026
Costa Rica,CRI,2015,23.363903
Costa Rica,CRI,2016,22.247503
Costa Rica,CRI,2017,24.751925
Costa Rica,CRI,2018,23.29755
Costa Rica,CRI,2019,24.794022
Costa Rica,CRI,2020,22.74008
Costa Rica,CRI,2021,22.733147
Cote d'Ivoire,CIV,2000,133.80798
Cote d'Ivoire,CIV,2001,130.97112
Cote d'Ivoire,CIV,2002,130.165
Cote d'Ivoire,CIV,2003,132.39252
Cote d'Ivoire,CIV,2004,129.3126
Cote d'Ivoire,CIV,2005,132.21135
Cote d'Ivoire,CIV,2006,136.41617
Cote d'Ivoire,CIV,2007,143.8857
Cote d'Ivoire,CIV,2008,149.14122
Cote d'Ivoire,CIV,2009,149.3304
Cote d'Ivoire,CIV,2010,151.49422
Cote d'Ivoire,CIV,2011,145.10016
Cote d'Ivoire,CIV,2012,136.73634
Cote d'Ivoire,CIV,2013,128.02783
Cote d'Ivoire,CIV,2014,121.95965
Cote d'Ivoire,CIV,2015,119.44077
Cote d'Ivoire,CIV,2016,118.48794
Cote d'Ivoire,CIV,2017,117.909775
Cote d'Ivoire,CIV,2018,117.80289
Cote d'Ivoire,CIV,2019,117.42722
Cote d'Ivoire,CIV,2020,122.46282
Cote d'Ivoire,CIV,2021,113.09388
Croatia,HRV,2000,114.618004
Croatia,HRV,2001,112.36368
Croatia,HRV,2002,111.525696
Croatia,HRV,2003,107.531815
Croatia,HRV,2004,99.66409
Croatia,HRV,2005,98.98287
Croatia,HRV,2006,94.0068
Croatia,HRV,2007,94.33726
Croatia,HRV,2008,88.8734
Croatia,HRV,2009,85.24382
Croatia,HRV,2010,79.20972
Croatia,HRV,2011,76.90285
Croatia,HRV,2012,72.277435
Croatia,HRV,2013,70.12441
Croatia,HRV,2014,68.66454
Croatia,HRV,2015,69.841934
Croatia,HRV,2016,61.00356
Croatia,HRV,2017,55.87003
Croatia,HRV,2018,55.527454
Croatia,HRV,2019,45.993534
Croatia,HRV,2020,43.82134
Croatia,HRV,2021,44.27126
Cuba,CUB,2000,58.559895
Cuba,CUB,2001,57.392006
Cuba,CUB,2002,53.099598
Cuba,CUB,2003,54.370136
Cuba,CUB,2004,53.50548
Cuba,CUB,2005,54.89245
Cuba,CUB,2006,51.18738
Cuba,CUB,2007,50.12534
Cuba,CUB,2008,53.868256
Cuba,CUB,2009,52.998116
Cuba,CUB,2010,53.895317
Cuba,CUB,2011,46.73187
Cuba,CUB,2012,47.34174
Cuba,CUB,2013,46.774986
Cuba,CUB,2014,47.379196
Cuba,CUB,2015,46.5114
Cuba,CUB,2016,46.490406
Cuba,CUB,2017,48.454544
Cuba,CUB,2018,47.500072
Cuba,CUB,2019,47.92098
Cuba,CUB,2020,51.313946
Cuba,CUB,2021,49.11894
Cyprus,CYP,2000,47.150253
Cyprus,CYP,2001,46.453712
Cyprus,CYP,2002,45.20404
Cyprus,CYP,2003,44.38497
Cyprus,CYP,2004,41.495922
Cyprus,CYP,2005,39.94522
Cyprus,CYP,2006,45.09538
Cyprus,CYP,2007,33.891293
Cyprus,CYP,2008,34.450134
Cyprus,CYP,2009,31.780693
Cyprus,CYP,2010,33.102554
Cyprus,CYP,2011,30.949654
Cyprus,CYP,2012,28.967209
Cyprus,CYP,2013,26.194324
Cyprus,CYP,2014,24.914711
Cyprus,CYP,2015,23.643202
Cyprus,CYP,2016,24.498547
Cyprus,CYP,2017,22.707747
Cyprus,CYP,2018,22.34341
Cyprus,CYP,2019,22.343885
Cyprus,CYP,2020,20.02483
Cyprus,CYP,2021,19.497322
Czechia,CZE,2000,100.71983
Czechia,CZE,2001,97.589195
Czechia,CZE,2002,96.18137
Czechia,CZE,2003,97.03454
Czechia,CZE,2004,82.36795
Czechia,CZE,2005,80.778275
Czechia,CZE,2006,74.80802
Czechia,CZE,2007,62.520966
Czechia,CZE,2008,60.221535
Czechia,CZE,2009,60.752583
Czechia,CZE,2010,56.414135
Czechia,CZE,2011,51.173252
Czechia,CZE,2012,49.153706
Czechia,CZE,2013,46.571724
Czechia,CZE,2014,41.548393
Czechia,CZE,2015,41.505646
Czechia,CZE,2016,37.568527
Czechia,CZE,2017,35.519775
Czechia,CZE,2018,32.664356
Czechia,CZE,2019,29.916676
Czechia,CZE,2020,30.974873
Czechia,CZE,2021,29.269356
Democratic Republic of Congo,COD,2000,133.85335
Democratic Republic of Congo,COD,2001,135.0628
Democratic Republic of Congo,COD,2002,134.10812
Democratic Republic of Congo,COD,2003,137.09554
Democratic Republic of Congo,COD,2004,137.2375
Democratic Republic of Congo,COD,2005,135.11974
Democratic Republic of Congo,COD,2006,133.79482
Democratic Republic of Congo,COD,2007,135.19313
Democratic Republic of Congo,COD,2008,135.83917
Democratic Republic of Congo,COD,2009,133.05925
Democratic Republic of Congo,COD,2010,131.60619
Democratic Republic of Congo,COD,2011,129.51062
Democratic Republic of Congo,COD,2012,127.04796
Democratic Republic of Congo,COD,2013,125.097824
Democratic Republic of Congo,COD,2014,123.57689
Democratic Republic of Congo,COD,2015,122.164856
Democratic Republic of Congo,COD,2016,120.97779
Democratic Republic of Congo,COD,2017,120.79137
Democratic Republic of Congo,COD,2018,120.073265
Democratic Republic of Congo,COD,2019,118.498604
Democratic Republic of Congo,COD,2020,124.562096
Democratic Republic of Congo,COD,2021,121.16907
Denmark,DNK,2000,47.426308
Denmark,DNK,2001,47.556946
Denmark,DNK,2002,50.8846
Denmark,DNK,2003,49.89123
Denmark,DNK,2004,47.451653
Denmark,DNK,2005,43.43434
Denmark,DNK,2006,42.5982
Denmark,DNK,2007,39.32831
Denmark,DNK,2008,36.24878
Denmark,DNK,2009,35.32321
Denmark,DNK,2010,34.64584
Denmark,DNK,2011,30.49738
Denmark,DNK,2012,28.98867
Denmark,DNK,2013,28.698605
Denmark,DNK,2014,27.577589
Denmark,DNK,2015,28.124403
Denmark,DNK,2016,26.144756
Denmark,DNK,2017,25.231043
Denmark,DNK,2018,25.143766
Denmark,DNK,2019,22.4484
Denmark,DNK,2020,22.441322
Denmark,DNK,2021,21.962805
Djibouti,DJI,2000,129.89711
Djibouti,DJI,2001,127.90189
Djibouti,DJI,2002,133.98586
Djibouti,DJI,2003,133.35046
Djibouti,DJI,2004,134.6111
Djibouti,DJI,2005,130.24638
Djibouti,DJI,2006,127.15019
Djibouti,DJI,2007,126.73712
Djibouti,DJI,2008,121.44072
Djibouti,DJI,2009,120.25606
Djibouti,DJI,2010,114.20261
Djibouti,DJI,2011,116.50051
Djibouti,DJI,2012,116.5044
Djibouti,DJI,2013,117.29069
Djibouti,DJI,2014,121.25496
Djibouti,DJI,2015,120.00738
Djibouti,DJI,2016,120.048744
Djibouti,DJI,2017,120.98727
Djibouti,DJI,2018,119.91719
Djibouti,DJI,2019,117.892334
Djibouti,DJI,2020,122.329926
Djibouti,DJI,2021,113.77301
Dominica,DMA,2000,94.37146
Dominica,DMA,2001,92.12631
Dominica,DMA,2002,91.419876
Dominica,DMA,2003,91.44928
Dominica,DMA,2004,89.304756
Dominica,DMA,2005,89.07212
Dominica,DMA,2006,88.27921
Dominica,DMA,2007,86.49198
Dominica,DMA,2008,86.61034
Dominica,DMA,2009,85.117935
Dominica,DMA,2010,85.529564
Dominica,DMA,2011,85.6647
Dominica,DMA,2012,83.94671
Dominica,DMA,2013,87.87676
Dominica,DMA,2014,87.93817
Dominica,DMA,2015,79.950226
Dominica,DMA,2016,73.66128
Dominica,DMA,2017,65.978584
Dominica,DMA,2018,64.629295
Dominica,DMA,2019,64.366714
Dominica,DMA,2020,61.685974
Dominica,DMA,2021,58.137524
Dominican Republic,DOM,2000,66.8511
Dominican Republic,DOM,2001,65.710205
Dominican Republic,DOM,2002,65.34085
Dominican Republic,DOM,2003,65.999
Dominican Republic,DOM,2004,69.48163
Dominican Republic,DOM,2005,71.99818
Dominican Republic,DOM,2006,72.29457
Dominican Republic,DOM,2007,70.52849
Dominican Republic,DOM,2008,69.30574
Dominican Republic,DOM,2009,68.29927
Dominican Republic,DOM,2010,65.26513
Dominican Republic,DOM,2011,64.2117
Dominican Republic,DOM,2012,66.836845
Dominican Republic,DOM,2013,69.49767
Dominican Republic,DOM,2014,68.68357
Dominican Republic,DOM,2015,68.7509
Dominican Republic,DOM,2016,67.74688
Dominican Republic,DOM,2017,67.148865
Dominican Republic,DOM,2018,66.02577
Dominican Republic,DOM,2019,63.798923
Dominican Republic,DOM,2020,68.606575
Dominican Republic,DOM,2021,61.66488
East Timor,TLS,2000,235.02586
East Timor,TLS,2001,225.46053
East Timor,TLS,2002,206.61469
East Timor,TLS,2003,218.97859
East Timor,TLS,2004,234.33138
East Timor,TLS,2005,233.83096
East Timor,TLS,2006,222.8438
East Timor,TLS,2007,214.71513
East Timor,TLS,2008,214.52998
East Timor,TLS,2009,243.20113
East Timor,TLS,2010,237.6533
East Timor,TLS,2011,227.94409
East Timor,TLS,2012,209.78122
East Timor,TLS,2013,204.73956
East Timor,TLS,2014,202.37817
East Timor,TLS,2015,185.25797
East Timor,TLS,2016,173.97179
East Timor,TLS,2017,160.79765
East Timor,TLS,2018,155.73207
East Timor,TLS,2019,152.29602
East Timor,TLS,2020,136.8028
East Timor,TLS,2021,142.15887
Ecuador,ECU,2000,65.098404
Ecuador,ECU,2001,62.789883
Ecuador,ECU,2002,65.6761
Ecuador,ECU,2003,59.398823
Ecuador,ECU,2004,58.503017
Ecuador,ECU,2005,61.15699
Ecuador,ECU,2006,57.688755
Ecuador,ECU,2007,55.814415
Ecuador,ECU,2008,59.819626
Ecuador,ECU,2009,56.855347
Ecuador,ECU,2010,52.23895
Ecuador,ECU,2011,58.603672
Ecuador,ECU,2012,51.74521
Ecuador,ECU,2013,45.25244
Ecuador,ECU,2014,44.381264
Ecuador,ECU,2015,44.605434
Ecuador,ECU,2016,43.428413
Ecuador,ECU,2017,41.794014
Ecuador,ECU,2018,40.635345
Ecuador,ECU,2019,38.66572
Ecuador,ECU,2020,38.65153
Ecuador,ECU,2021,42.11161
Egypt,EGY,2000,151.08527
Egypt,EGY,2001,159.8006
Egypt,EGY,2002,161.43336
Egypt,EGY,2003,164.90099
Egypt,EGY,2004,155.83311
Egypt,EGY,2005,149.11472
Egypt,EGY,2006,147.26895
Egypt,EGY,2007,144.70378
Egypt,EGY,2008,144.23215
Egypt,EGY,2009,143.1662
Egypt,EGY,2010,142.47041
Egypt,EGY,2011,140.65327
Egypt,EGY,2012,149.38496
Egypt,EGY,2013,137.11366
Egypt,EGY,2014,140.26547
Egypt,EGY,2015,150.5409
Egypt,EGY,2016,140.9519
Egypt,EGY,2017,135.10115
Egypt,EGY,2018,134.40321
Egypt,EGY,2019,135.24445
Egypt,EGY,2020,128.19795
Egypt,EGY,2021,132.43687
El Salvador,SLV,2000,51.24592
El Salvador,SLV,2001,47.77846
El Salvador,SLV,2002,40.250763
El Salvador,SLV,2003,39.096115
El Salvador,SLV,2004,35.898396
El Salvador,SLV,2005,34.30577
El Salvador,SLV,2006,32.354168
El Salvador,SLV,2007,31.464674
El Salvador,SLV,2008,31.855314
El Salvador,SLV,2009,32.893047
El Salvador,SLV,2010,33.177284
El Salvador,SLV,2011,33.168125
El Salvador,SLV,2012,33.142746
El Salvador,SLV,2013,35.441452
El Salvador,SLV,2014,38.02134
El Salvador,SLV,2015,39.38642
El Salvador,SLV,2016,36.009907
El Salvador,SLV,2017,37.47882
El Salvador,SLV,2018,33.300026
El Salvador,SLV,2019,34.42567
El Salvador,SLV,2020,36.18063
El Salvador,SLV,2021,34.79885
Equatorial Guinea,GNQ,2000,130.98154
Equatorial Guinea,GNQ,2001,117.54628
Equatorial Guinea,GNQ,2002,106.3631
Equatorial Guinea,GNQ,2003,100.30142
Equatorial Guinea,GNQ,2004,92.4809
Equatorial Guinea,GNQ,2005,86.260254
Equatorial Guinea,GNQ,2006,83.345726
Equatorial Guinea,GNQ,2007,81.03185
Equatorial Guinea,GNQ,2008,82.25861
Equatorial Guinea,GNQ,2009,83.58215
Equatorial Guinea,GNQ,2010,87.02253
Equatorial Guinea,GNQ,2011,86.6678
Equatorial Guinea,GNQ,2012,82.94044
Equatorial Guinea,GNQ,2013,76.62049
Equatorial Guinea,GNQ,2014,72.88117
Equatorial Guinea,GNQ,2015,73.17762
Equatorial Guinea,GNQ,2016,73.13465
Equatorial Guinea,GNQ,2017,75.2601
Equatorial Guinea,GNQ,2018,77.37
Equatorial Guinea,GNQ,2019,76.22611
Equatorial Guinea,GNQ,2020,78.935555
Equatorial Guinea,GNQ,2021,73.894424
Eritrea,ERI,2000,239.89888
Eritrea,ERI,2001,226.0182
Eritrea,ERI,2002,219.72421
Eritrea,ERI,2003,205.92947
Eritrea,ERI,2004,204.67032
Eritrea,ERI,2005,203.6473
Eritrea,ERI,2006,202.97743
Eritrea,ERI,2007,198.75195
Eritrea,ERI,2008,199.79243
Eritrea,ERI,2009,200.50871
Eritrea,ERI,2010,199.00804
Eritrea,ERI,2011,194.85078
Eritrea,ERI,2012,191.3713
Eritrea,ERI,2013,190.9366
Eritrea,ERI,2014,188.02483
Eritrea,ERI,2015,187.30728
Eritrea,ERI,2016,184.4145
Eritrea,ERI,2017,183.68532
Eritrea,ERI,2018,182.50508
Eritrea,ERI,2019,180.16295
Eritrea,ERI,2020,182.98889
Eritrea,ERI,2021,180.55107
Estonia,EST,2000,127.82295
Estonia,EST,2001,121.605545
Estonia,EST,2002,119.43844
Estonia,EST,2003,115.65304
Estonia,EST,2004,98.65152
Estonia,EST,2005,94.682304
Estonia,EST,2006,88.734924
Estonia,EST,2007,72.24599
Estonia,EST,2008,58.147644
Estonia,EST,2009,49.928543
Estonia,EST,2010,46.924946
Estonia,EST,2011,42.508694
Estonia,EST,2012,34.827137
Estonia,EST,2013,39.241566
Estonia,EST,2014,29.911663
Estonia,EST,2015,26.566952
Estonia,EST,2016,29.414257
Estonia,EST,2017,26.584642
Estonia,EST,2018,25.752493
Estonia,EST,2019,31.657772
Estonia,EST,2020,31.298552
Estonia,EST,2021,30.708195
Eswatini,SWZ,2000,147.17513
Eswatini,SWZ,2001,157.61615
Eswatini,SWZ,2002,163.82698
Eswatini,SWZ,2003,165.26079
Eswatini,SWZ,2004,169.37842
Eswatini,SWZ,2005,169.42143
Eswatini,SWZ,2006,166.28825
Eswatini,SWZ,2007,165.09633
Eswatini,SWZ,2008,163.7039
Eswatini,SWZ,2009,155.88838
Eswatini,SWZ,2010,188.34344
Eswatini,SWZ,2011,148.45894
Eswatini,SWZ,2012,156.9041
Eswatini,SWZ,2013,156.69481
Eswatini,SWZ,2014,158.34344
Eswatini,SWZ,2015,162.80887
Eswatini,SWZ,2016,165.6023
Eswatini,SWZ,2017,167.01137
Eswatini,SWZ,2018,167.2735
Eswatini,SWZ,2019,165.49222
Eswatini,SWZ,2020,169.0018
Eswatini,SWZ,2021,140.1026
Ethiopia,ETH,2000,113.82338
Ethiopia,ETH,2001,110.48598
Ethiopia,ETH,2002,108.317
Ethiopia,ETH,2003,105.63353
Ethiopia,ETH,2004,103.166176
Ethiopia,ETH,2005,99.44281
Ethiopia,ETH,2006,95.04008
Ethiopia,ETH,2007,91.41581
Ethiopia,ETH,2008,89.20149
Ethiopia,ETH,2009,86.064735
Ethiopia,ETH,2010,83.69324
Ethiopia,ETH,2011,81.46023
Ethiopia,ETH,2012,78.62892
Ethiopia,ETH,2013,74.66166
Ethiopia,ETH,2014,72.79061
Ethiopia,ETH,2015,73.81393
Ethiopia,ETH,2016,72.96191
Ethiopia,ETH,2017,72.57853
Ethiopia,ETH,2018,73.06823
Ethiopia,ETH,2019,73.07892
Ethiopia,ETH,2020,78.043976
Ethiopia,ETH,2021,75.119545
Europe,OWID_EUR,2000,99.758865
Europe,OWID_EUR,2001,98.14703
Europe,OWID_EUR,2002,98.13751
Europe,OWID_EUR,2003,97.92772
Europe,OWID_EUR,2004,91.14616
Europe,OWID_EUR,2005,88.32164
Europe,OWID_EUR,2006,81.72095
Europe,OWID_EUR,2007,76.78172
Europe,OWID_EUR,2008,74.12826
Europe,OWID_EUR,2009,69.808205
Europe,OWID_EUR,2010,67.09324
Europe,OWID_EUR,2011,61.805706
Europe,OWID_EUR,2012,59.638382
Europe,OWID_EUR,2013,56.87053
Europe,OWID_EUR,2014,55.350933
Europe,OWID_EUR,2015,53.756115
Europe,OWID_EUR,2016,51.83238
Europe,OWID_EUR,2017,50.201035
Europe,OWID_EUR,2018,49.093254
Europe,OWID_EUR,2019,46.954597
Europe,OWID_EUR,2020,45.346054
Europe,OWID_EUR,2021,45.162304
Fiji,FJI,2000,148.15358
Fiji,FJI,2001,141.82518
Fiji,FJI,2002,137.63434
Fiji,FJI,2003,137.99129
Fiji,FJI,2004,129.21083
Fiji,FJI,2005,126.59636
Fiji,FJI,2006,126.07902
Fiji,FJI,2007,123.25277
Fiji,FJI,2008,122.00983
Fiji,FJI,2009,119.45848
Fiji,FJI,2010,120.07491
Fiji,FJI,2011,120.22033
Fiji,FJI,2012,118.803635
Fiji,FJI,2013,117.895935
Fiji,FJI,2014,116.81233
Fiji,FJI,2015,114.83794
Fiji,FJI,2016,113.022995
Fiji,FJI,2017,112.083145
Fiji,FJI,2018,110.5354
Fiji,FJI,2019,108.98885
Fiji,FJI,2020,107.75146
Fiji,FJI,2021,101.944534
Finland,FIN,2000,50.75852
Finland,FIN,2001,47.990204
Finland,FIN,2002,47.49743
Finland,FIN,2003,46.599438
Finland,FIN,2004,43.303307
Finland,FIN,2005,40.324547
Finland,FIN,2006,40.033123
Finland,FIN,2007,37.25343
Finland,FIN,2008,35.226288
Finland,FIN,2009,35.50425
Finland,FIN,2010,33.428123
Finland,FIN,2011,33.062233
Finland,FIN,2012,33.689
Finland,FIN,2013,32.81847
Finland,FIN,2014,32.347282
Finland,FIN,2015,30.689701
Finland,FIN,2016,30.74484
Finland,FIN,2017,28.10095
Finland,FIN,2018,28.042675
Finland,FIN,2019,26.975351
Finland,FIN,2020,27.020395
Finland,FIN,2021,25.77759
France,FRA,2000,32.27328
France,FRA,2001,31.669127
France,FRA,2002,30.560505
France,FRA,2003,30.728981
France,FRA,2004,26.990353
France,FRA,2005,26.510185
France,FRA,2006,24.552155
France,FRA,2007,23.187828
France,FRA,2008,22.834286
France,FRA,2009,22.072456
France,FRA,2010,21.537834
France,FRA,2011,20.87771
France,FRA,2012,20.796654
France,FRA,2013,20.035078
France,FRA,2014,18.77046
France,FRA,2015,17.981611
France,FRA,2016,17.50946
France,FRA,2017,17.677725
France,FRA,2018,16.85905
France,FRA,2019,16.824127
France,FRA,2020,16.845663
France,FRA,2021,17.35141
Gabon,GAB,2000,119.12266
Gabon,GAB,2001,115.29203
Gabon,GAB,2002,103.49611
Gabon,GAB,2003,100.80244
Gabon,GAB,2004,100.15405
Gabon,GAB,2005,110.96117
Gabon,GAB,2006,111.561104
Gabon,GAB,2007,102.43703
Gabon,GAB,2008,103.2707
Gabon,GAB,2009,105.92707
Gabon,GAB,2010,104.05981
Gabon,GAB,2011,103.35387
Gabon,GAB,2012,98.75192
Gabon,GAB,2013,98.64545
Gabon,GAB,2014,104.41214
Gabon,GAB,2015,103.398476
Gabon,GAB,2016,100.61266
Gabon,GAB,2017,97.92625
Gabon,GAB,2018,96.96173
Gabon,GAB,2019,94.471306
Gabon,GAB,2020,81.19665
Gabon,GAB,2021,75.48724
Gambia,GMB,2000,176.82779
Gambia,GMB,2001,180.63403
Gambia,GMB,2002,186.38382
Gambia,GMB,2003,187.03317
Gambia,GMB,2004,185.828
Gambia,GMB,2005,180.49678
Gambia,GMB,2006,174.3149
Gambia,GMB,2007,171.52037
Gambia,GMB,2008,170.98569
Gambia,GMB,2009,168.10986
Gambia,GMB,2010,161.75398
Gambia,GMB,2011,163.0859
Gambia,GMB,2012,161.83832
Gambia,GMB,2013,160.59926
Gambia,GMB,2014,159.53285
Gambia,GMB,2015,157.50848
Gambia,GMB,2016,154.80638
Gambia,GMB,2017,152.33789
Gambia,GMB,2018,149.3263
Gambia,GMB,2019,148.18764
Gambia,GMB,2020,151.55585
Gambia,GMB,2021,137.91173
Georgia,GEO,2000,184.72263
Georgia,GEO,2001,172.48875
Georgia,GEO,2002,195.68819
Georgia,GEO,2003,195.49063
Georgia,GEO,2004,184.00395
Georgia,GEO,2005,168.45789
Georgia,GEO,2006,171.87775
Georgia,GEO,2007,172.25908
Georgia,GEO,2008,154.6413
Georgia,GEO,2009,171.83893
Georgia,GEO,2010,170.407
Georgia,GEO,2011,143.84897
Georgia,GEO,2012,123.67436
Georgia,GEO,2013,120.1454
Georgia,GEO,2014,123.95836
Georgia,GEO,2015,129.67142
Georgia,GEO,2016,140.73428
Georgia,GEO,2017,127.65163
Georgia,GEO,2018,162.79332
Georgia,GEO,2019,148.88591
Georgia,GEO,2020,166.50053
Georgia,GEO,2021,158.51064
Germany,DEU,2000,45.238514
Germany,DEU,2001,43.533943
Germany,DEU,2002,42.727207
Germany,DEU,2003,41.210686
Germany,DEU,2004,37.386257
Germany,DEU,2005,35.471657
Germany,DEU,2006,33.35602
Germany,DEU,2007,31.019958
Germany,DEU,2008,30.674707
Germany,DEU,2009,29.62097
Germany,DEU,2010,28.248241
Germany,DEU,2011,26.43121
Germany,DEU,2012,25.637852
Germany,DEU,2013,25.665867
Germany,DEU,2014,23.690847
Germany,DEU,2015,23.797874
Germany,DEU,2016,22.988024
Germany,DEU,2017,22.407606
Germany,DEU,2018,22.408445
Germany,DEU,2019,21.429583
Germany,DEU,2020,21.260323
Germany,DEU,2021,20.993935
Ghana,GHA,2000,137.77837
Ghana,GHA,2001,147.86472
Ghana,GHA,2002,156.89465
Ghana,GHA,2003,165.98056
Ghana,GHA,2004,173.18411
Ghana,GHA,2005,179.88777
Ghana,GHA,2006,187.34842
Ghana,GHA,2007,194.12555
Ghana,GHA,2008,192.8662
Ghana,GHA,2009,192.53482
Ghana,GHA,2010,188.53976
Ghana,GHA,2011,185.2662
Ghana,GHA,2012,179.45996
Ghana,GHA,2013,175.55681
Ghana,GHA,2014,170.94736
Ghana,GHA,2015,167.58382
Ghana,GHA,2016,163.35197
Ghana,GHA,2017,159.47455
Ghana,GHA,2018,156.95312
Ghana,GHA,2019,154.37402
Ghana,GHA,2020,157.83595
Ghana,GHA,2021,154.47652
Greece,GRC,2000,88.807526
Greece,GRC,2001,84.79706
Greece,GRC,2002,84.00614
Greece,GRC,2003,81.82063
Greece,GRC,2004,76.75996
Greece,GRC,2005,73.06369
Greece,GRC,2006,68.90262
Greece,GRC,2007,64.1259
Greece,GRC,2008,60.605183
Greece,GRC,2009,56.79613
Greece,GRC,2010,53.696915
Greece,GRC,2011,53.316265
Greece,GRC,2012,54.47558
Greece,GRC,2013,48.888706
Greece,GRC,2014,45.236027
Greece,GRC,2015,44.63999
Greece,GRC,2016,42.00725
Greece,GRC,2017,41.250687
Greece,GRC,2018,37.05972
Greece,GRC,2019,37.980316
Greece,GRC,2020,37.316406
Greece,GRC,2021,35.188297
Grenada,GRD,2000,105.014244
Grenada,GRD,2001,117.56025
Grenada,GRD,2002,115.67696
Grenada,GRD,2003,105.48681
Grenada,GRD,2004,104.741684
Grenada,GRD,2005,118.02238
Grenada,GRD,2006,120.7182
Grenada,GRD,2007,108.05703
Grenada,GRD,2008,100.38747
Grenada,GRD,2009,109.48031
Grenada,GRD,2010,109.1882
Grenada,GRD,2011,97.38826
Grenada,GRD,2012,93.59556
Grenada,GRD,2013,90.51813
Grenada,GRD,2014,85.36807
Grenada,GRD,2015,75.620384
Grenada,GRD,2016,75.11367
Grenada,GRD,2017,73.54476
Grenada,GRD,2018,76.571526
Grenada,GRD,2019,76.842316
Grenada,GRD,2020,73.39433
Grenada,GRD,2021,57.316753
Guatemala,GTM,2000,61.33877
Guatemala,GTM,2001,60.60669
Guatemala,GTM,2002,57.95809
Guatemala,GTM,2003,56.99885
Guatemala,GTM,2004,56.11514
Guatemala,GTM,2005,53.060207
Guatemala,GTM,2006,50.62886
Guatemala,GTM,2007,46.686172
Guatemala,GTM,2008,44.78535
Guatemala,GTM,2009,49.886864
Guatemala,GTM,2010,50.57499
Guatemala,GTM,2011,50.968807
Guatemala,GTM,2012,50.815193
Guatemala,GTM,2013,52.258713
Guatemala,GTM,2014,51.65562
Guatemala,GTM,2015,50.776115
Guatemala,GTM,2016,49.428593
Guatemala,GTM,2017,48.88264
Guatemala,GTM,2018,48.329662
Guatemala,GTM,2019,48.828907
Guatemala,GTM,2020,48.725872
Guatemala,GTM,2021,41.822636
Guinea,GIN,2000,134.15483
Guinea,GIN,2001,136.88736
Guinea,GIN,2002,140.45549
Guinea,GIN,2003,141.97054
Guinea,GIN,2004,143.86615
Guinea,GIN,2005,142.58076
Guinea,GIN,2006,147.5937
Guinea,GIN,2007,150.04898
Guinea,GIN,2008,152.02644
Guinea,GIN,2009,151.47505
Guinea,GIN,2010,156.35576
Guinea,GIN,2011,155.54248
Guinea,GIN,2012,154.5127
Guinea,GIN,2013,153.38042
Guinea,GIN,2014,152.11441
Guinea,GIN,2015,151.12457
Guinea,GIN,2016,149.1394
Guinea,GIN,2017,147.28537
Guinea,GIN,2018,144.82347
Guinea,GIN,2019,143.30553
Guinea,GIN,2020,148.03159
Guinea,GIN,2021,140.97688
Guinea-Bissau,GNB,2000,216.9755
Guinea-Bissau,GNB,2001,209.77246
Guinea-Bissau,GNB,2002,202.36551
Guinea-Bissau,GNB,2003,196.7474
Guinea-Bissau,GNB,2004,197.30023
Guinea-Bissau,GNB,2005,186.40955
Guinea-Bissau,GNB,2006,186.1636
Guinea-Bissau,GNB,2007,182.85101
Guinea-Bissau,GNB,2008,179.48819
Guinea-Bissau,GNB,2009,179.30835
Guinea-Bissau,GNB,2010,175.42659
Guinea-Bissau,GNB,2011,169.30075
Guinea-Bissau,GNB,2012,164.28723
Guinea-Bissau,GNB,2013,163.18973
Guinea-Bissau,GNB,2014,164.10773
Guinea-Bissau,GNB,2015,164.56216
Guinea-Bissau,GNB,2016,160.97025
Guinea-Bissau,GNB,2017,158.28996
Guinea-Bissau,GNB,2018,151.4796
Guinea-Bissau,GNB,2019,156.05693
Guinea-Bissau,GNB,2020,165.96373
Guinea-Bissau,GNB,2021,146.77383
Guyana,GUY,2000,161.54605
Guyana,GUY,2001,153.0687
Guyana,GUY,2002,161.91838
Guyana,GUY,2003,169.43004
Guyana,GUY,2004,167.34357
Guyana,GUY,2005,156.86783
Guyana,GUY,2006,152.66827
Guyana,GUY,2007,147.0492
Guyana,GUY,2008,157.26764
Guyana,GUY,2009,157.1102
Guyana,GUY,2010,155.13858
Guyana,GUY,2011,145.39653
Guyana,GUY,2012,140.41724
Guyana,GUY,2013,138.23834
Guyana,GUY,2014,133.05168
Guyana,GUY,2015,130.36247
Guyana,GUY,2016,125.35495
Guyana,GUY,2017,122.8777
Guyana,GUY,2018,115.18755
Guyana,GUY,2019,116.196205
Guyana,GUY,2020,123.579056
Guyana,GUY,2021,92.16317
Haiti,HTI,2000,212.73633
Haiti,HTI,2001,210.78378
Haiti,HTI,2002,209.26512
Haiti,HTI,2003,209.20822
Haiti,HTI,2004,207.8632
Haiti,HTI,2005,207.68727
Haiti,HTI,2006,204.11134
Haiti,HTI,2007,202.34796
Haiti,HTI,2008,199.48929
Haiti,HTI,2009,197.49548
Haiti,HTI,2010,195.67065
Haiti,HTI,2011,195.132
Haiti,HTI,2012,193.52686
Haiti,HTI,2013,190.70769
Haiti,HTI,2014,187.6479
Haiti,HTI,2015,186.16884
Haiti,HTI,2016,182.54767
Haiti,HTI,2017,180.49785
Haiti,HTI,2018,180.17003
Haiti,HTI,2019,178.99487
Haiti,HTI,2020,183.3851
Haiti,HTI,2021,173.74297
Honduras,HND,2000,96.08613
Honduras,HND,2001,94.82473
Honduras,HND,2002,94.4653
Honduras,HND,2003,95.55858
Honduras,HND,2004,96.10245
Honduras,HND,2005,97.71617
Honduras,HND,2006,98.08581
Honduras,HND,2007,97.14438
Honduras,HND,2008,97.12234
Honduras,HND,2009,97.115585
Honduras,HND,2010,99.5243
Honduras,HND,2011,103.95887
Honduras,HND,2012,121.903206
Honduras,HND,2013,121.38522
Honduras,HND,2014,122.17684
Honduras,HND,2015,122.777115
Honduras,HND,2016,113.7243
Honduras,HND,2017,114.37417
Honduras,HND,2018,111.29087
Honduras,HND,2019,109.63728
Honduras,HND,2020,107.19142
Honduras,HND,2021,94.916916
Hungary,HUN,2000,116.46572
Hungary,HUN,2001,107.5993
Hungary,HUN,2002,104.88025
Hungary,HUN,2003,103.565216
Hungary,HUN,2004,95.710655
Hungary,HUN,2005,84.34674
Hungary,HUN,2006,77.20345
Hungary,HUN,2007,75.759415
Hungary,HUN,2008,71.87758
Hungary,HUN,2009,70.73889
Hungary,HUN,2010,68.82875
Hungary,HUN,2011,64.656334
Hungary,HUN,2012,63.229076
Hungary,HUN,2013,60.81871
Hungary,HUN,2014,58.01953
Hungary,HUN,2015,57.722404
Hungary,HUN,2016,49.29461
Hungary,HUN,2017,52.05128
Hungary,HUN,2018,50.61166
Hungary,HUN,2019,50.848637
Hungary,HUN,2020,52.428997
Hungary,HUN,2021,48.213047
Iceland,ISL,2000,40.682438
Iceland,ISL,2001,38.935272
Iceland,ISL,2002,36.529694
Iceland,ISL,2003,33.519123
Iceland,ISL,2004,31.822983
Iceland,ISL,2005,31.36386
Iceland,ISL,2006,30.82322
Iceland,ISL,2007,30.100578
Iceland,ISL,2008,28.684444
Iceland,ISL,2009,27.113289
Iceland,ISL,2010,26.862171
Iceland,ISL,2011,25.024519
Iceland,ISL,2012,22.842297
Iceland,ISL,2013,21.302492
Iceland,ISL,2014,21.807297
Iceland,ISL,2015,20.694002
Iceland,ISL,2016,19.266785
Iceland,ISL,2017,18.19723
Iceland,ISL,2018,17.590935
Iceland,ISL,2019,17.608753
Iceland,ISL,2020,15.377425
Iceland,ISL,2021,17.136747
India,IND,2000,72.99553
India,IND,2001,72.04945
India,IND,2002,72.16728
India,IND,2003,72.89976
India,IND,2004,71.66414
India,IND,2005,71.11695
India,IND,2006,71.67306
India,IND,2007,73.422585
India,IND,2008,73.53333
India,IND,2009,70.834076
India,IND,2010,70.099976
India,IND,2011,70.50351
India,IND,2012,70.19554
India,IND,2013,72.09468
India,IND,2014,72.873535
India,IND,2015,71.711105
India,IND,2016,71.07763
India,IND,2017,71.65116
India,IND,2018,72.14186
India,IND,2019,71.914345
India,IND,2020,71.46495
India,IND,2021,68.01449
Indonesia,IDN,2000,207.39261
Indonesia,IDN,2001,209.15712
Indonesia,IDN,2002,211.9533
Indonesia,IDN,2003,214.2654
Indonesia,IDN,2004,216.53145
Indonesia,IDN,2005,218.00154
Indonesia,IDN,2006,218.15118
Indonesia,IDN,2007,219.38744
Indonesia,IDN,2008,220.09593
Indonesia,IDN,2009,219.84045
Indonesia,IDN,2010,219.37936
Indonesia,IDN,2011,216.51709
Indonesia,IDN,2012,213.87816
Indonesia,IDN,2013,211.1199
Indonesia,IDN,2014,208.67552
Indonesia,IDN,2015,207.10551
Indonesia,IDN,2016,204.8896
Indonesia,IDN,2017,202.88766
Indonesia,IDN,2018,200.94127
Indonesia,IDN,2019,199.39223
Indonesia,IDN,2020,192.6002
Indonesia,IDN,2021,172.64607
Iran,IRN,2000,81.03558
Iran,IRN,2001,78.87141
Iran,IRN,2002,76.35397
Iran,IRN,2003,73.31228
Iran,IRN,2004,70.7484
Iran,IRN,2005,67.8846
Iran,IRN,2006,65.2944
Iran,IRN,2007,62.899086
Iran,IRN,2008,59.754005
Iran,IRN,2009,57.165897
Iran,IRN,2010,54.733253
Iran,IRN,2011,52.501507
Iran,IRN,2012,51.01363
Iran,IRN,2013,51.29626
Iran,IRN,2014,51.3693
Iran,IRN,2015,51.645573
Iran,IRN,2016,51.65527
Iran,IRN,2017,51.244873
Iran,IRN,2018,50.03795
Iran,IRN,2019,49.9331
Iran,IRN,2020,50.503944
Iran,IRN,2021,49.155083
Iraq,IRQ,2000,163.38625
Iraq,IRQ,2001,158.8458
Iraq,IRQ,2002,155.9234
Iraq,IRQ,2003,154.21028
Iraq,IRQ,2004,151.41502
Iraq,IRQ,2005,148.40588
Iraq,IRQ,2006,144.7389
Iraq,IRQ,2007,145.0695
Iraq,IRQ,2008,144.77946
Iraq,IRQ,2009,141.6618
Iraq,IRQ,2010,137.95854
Iraq,IRQ,2011,134.83264
Iraq,IRQ,2012,131.01993
Iraq,IRQ,2013,126.86915
Iraq,IRQ,2014,123.46318
Iraq,IRQ,2015,119.65776
Iraq,IRQ,2016,117.89009
Iraq,IRQ,2017,116.85928
Iraq,IRQ,2018,121.568214
Iraq,IRQ,2019,127.93061
Iraq,IRQ,2020,161.01834
Iraq,IRQ,2021,142.50594
Ireland,IRL,2000,48.22946
Ireland,IRL,2001,44.158653
Ireland,IRL,2002,42.615654
Ireland,IRL,2003,39.57181
Ireland,IRL,2004,36.99909
Ireland,IRL,2005,34.02744
Ireland,IRL,2006,32.99623
Ireland,IRL,2007,31.556095
Ireland,IRL,2008,31.807491
Ireland,IRL,2009,30.692598
Ireland,IRL,2010,28.035467
Ireland,IRL,2011,27.130487
Ireland,IRL,2012,25.301744
Ireland,IRL,2013,24.987663
Ireland,IRL,2014,22.774403
Ireland,IRL,2015,23.08491
Ireland,IRL,2016,20.6107
Ireland,IRL,2017,19.206139
Ireland,IRL,2018,18.136326
Ireland,IRL,2019,17.539103
Ireland,IRL,2020,16.308083
Ireland,IRL,2021,16.631231
Israel,ISR,2000,37.83185
Israel,ISR,2001,38.51722
Israel,ISR,2002,36.831688
Israel,ISR,2003,32.42102
Israel,ISR,2004,34.0839
Israel,ISR,2005,33.093388
Israel,ISR,2006,30.14551
Israel,ISR,2007,29.142885
Israel,ISR,2008,22.871264
Israel,ISR,2009,22.04838
Israel,ISR,2010,22.709019
Israel,ISR,2011,23.444345
Israel,ISR,2012,23.410866
Israel,ISR,2013,21.326057
Israel,ISR,2014,20.530682
Israel,ISR,2015,21.046587
Israel,ISR,2016,19.42552
Israel,ISR,2017,17.370918
Israel,ISR,2018,17.125628
Israel,ISR,2019,16.921446
Israel,ISR,2020,16.659883
Israel,ISR,2021,16.977413
Italy,ITA,2000,48.30425
Italy,ITA,2001,45.127136
Italy,ITA,2002,43.79721
Italy,ITA,2003,46.588863
Italy,ITA,2004,40.82317
Italy,ITA,2005,40.95525
Italy,ITA,2006,37.616825
Italy,ITA,2007,36.357815
Italy,ITA,2008,36.189137
Italy,ITA,2009,34.780315
Italy,ITA,2010,32.354145
Italy,ITA,2011,31.908327
Italy,ITA,2012,31.278616
Italy,ITA,2013,28.925877
Italy,ITA,2014,27.752848
Italy,ITA,2015,29.147343
Italy,ITA,2016,25.945894
Italy,ITA,2017,27.121153
Italy,ITA,2018,24.896444
Italy,ITA,2019,24.440039
Italy,ITA,2020,25.763086
Italy,ITA,2021,23.519361
Jamaica,JAM,2000,107.73596
Jamaica,JAM,2001,109.02889
Jamaica,JAM,2002,105.27557
Jamaica,JAM,2003,106.85468
Jamaica,JAM,2004,102.34022
Jamaica,JAM,2005,109.65643
Jamaica,JAM,2006,81.95408
Jamaica,JAM,2007,118.86396
Jamaica,JAM,2008,113.625145
Jamaica,JAM,2009,111.358185
Jamaica,JAM,2010,101.08455
Jamaica,JAM,2011,111.78139
Jamaica,JAM,2012,103.78042
Jamaica,JAM,2013,106.89916
Jamaica,JAM,2014,128.51778
Jamaica,JAM,2015,127.9903
Jamaica,JAM,2016,128.75677
Jamaica,JAM,2017,125.2851
Jamaica,JAM,2018,124.41725
Jamaica,JAM,2019,129.24141
Jamaica,JAM,2020,126.289
Jamaica,JAM,2021,144.5814
Japan,JPN,2000,49.955406
Japan,JPN,2001,47.770966
Japan,JPN,2002,45.426224
Japan,JPN,2003,44.36301
Japan,JPN,2004,41.794174
Japan,JPN,2005,41.363445
Japan,JPN,2006,38.57646
Japan,JPN,2007,37.171146
Japan,JPN,2008,36.064873
Japan,JPN,2009,33.88001
Japan,JPN,2010,33.10928
Japan,JPN,2011,32.15831
Japan,JPN,2012,30.67854
Japan,JPN,2013,29.267075
Japan,JPN,2014,27.776241
Japan,JPN,2015,26.714432
Japan,JPN,2016,25.594563
Japan,JPN,2017,25.186548
Japan,JPN,2018,24.49779
Japan,JPN,2019,23.88196
Japan,JPN,2020,23.074095
Japan,JPN,2021,22.979702
Jordan,JOR,2000,113.012436
Jordan,JOR,2001,116.80426
Jordan,JOR,2002,114.43494
Jordan,JOR,2003,102.30126
Jordan,JOR,2004,103.46369
Jordan,JOR,2005,111.21072
Jordan,JOR,2006,109.26236
Jordan,JOR,2007,87.95563
Jordan,JOR,2008,76.835884
Jordan,JOR,2009,71.58087
Jordan,JOR,2010,68.33642
Jordan,JOR,2011,67.044876
Jordan,JOR,2012,65.98139
Jordan,JOR,2013,63.898476
Jordan,JOR,2014,61.687923
Jordan,JOR,2015,57.22947
Jordan,JOR,2016,55.02358
Jordan,JOR,2017,52.43206
Jordan,JOR,2018,48.990597
Jordan,JOR,2019,48.00021
Jordan,JOR,2020,55.97937
Jordan,JOR,2021,51.665276
Kazakhstan,KAZ,2000,183.90211
Kazakhstan,KAZ,2001,179.13368
Kazakhstan,KAZ,2002,175.9723
Kazakhstan,KAZ,2003,187.7984
Kazakhstan,KAZ,2004,184.63441
Kazakhstan,KAZ,2005,185.47942
Kazakhstan,KAZ,2006,176.62318
Kazakhstan,KAZ,2007,173.08751
Kazakhstan,KAZ,2008,168.0562
Kazakhstan,KAZ,2009,169.48897
Kazakhstan,KAZ,2010,188.26529
Kazakhstan,KAZ,2011,175.66986
Kazakhstan,KAZ,2012,160.38942
Kazakhstan,KAZ,2013,144.885
Kazakhstan,KAZ,2014,135.95139
Kazakhstan,KAZ,2015,129.68356
Kazakhstan,KAZ,2016,130.26689
Kazakhstan,KAZ,2017,128.70842
Kazakhstan,KAZ,2018,125.521034
Kazakhstan,KAZ,2019,124.10646
Kazakhstan,KAZ,2020,120.68127
Kazakhstan,KAZ,2021,115.60531
Kenya,KEN,2000,70.64142
Kenya,KEN,2001,69.87735
Kenya,KEN,2002,71.62339
Kenya,KEN,2003,71.91117
Kenya,KEN,2004,73.36817
Kenya,KEN,2005,74.49198
Kenya,KEN,2006,76.08664
Kenya,KEN,2007,78.375
Kenya,KEN,2008,81.339745
Kenya,KEN,2009,82.849785
Kenya,KEN,2010,84.758484
Kenya,KEN,2011,85.53978
Kenya,KEN,2012,77.33415
Kenya,KEN,2013,79.37552
Kenya,KEN,2014,81.23843
Kenya,KEN,2015,81.36354
Kenya,KEN,2016,79.79191
Kenya,KEN,2017,81.841064
Kenya,KEN,2018,85.3215
Kenya,KEN,2019,82.37172
Kenya,KEN,2020,84.066536
Kenya,KEN,2021,81.74179
Kiribati,KIR,2000,199.20187
Kiribati,KIR,2001,196.0979
Kiribati,KIR,2002,193.99069
Kiribati,KIR,2003,191.38412
Kiribati,KIR,2004,189.87808
Kiribati,KIR,2005,189.76945
Kiribati,KIR,2006,187.56744
Kiribati,KIR,2007,187.02914
Kiribati,KIR,2008,186.48279
Kiribati,KIR,2009,184.83672
Kiribati,KIR,2010,183.88066
Kiribati,KIR,2011,184.05789
Kiribati,KIR,2012,181.5221
Kiribati,KIR,2013,180.29591
Kiribati,KIR,2014,178.28835
Kiribati,KIR,2015,176.08855
Kiribati,KIR,2016,173.02716
Kiribati,KIR,2017,168.81757
Kiribati,KIR,2018,164.10931
Kiribati,KIR,2019,162.81798
Kiribati,KIR,2020,169.46198
Kiribati,KIR,2021,173.93616
Kuwait,KWT,2000,53.200787
Kuwait,KWT,2001,48.16918
Kuwait,KWT,2002,53.276802
Kuwait,KWT,2003,50.996094
Kuwait,KWT,2004,54.240265
Kuwait,KWT,2005,57.93392
Kuwait,KWT,2006,58.65142
Kuwait,KWT,2007,56.908398
Kuwait,KWT,2008,60.187508
Kuwait,KWT,2009,49.57427
Kuwait,KWT,2010,42.266167
Kuwait,KWT,2011,33.700428
Kuwait,KWT,2012,32.98474
Kuwait,KWT,2013,30.700378
Kuwait,KWT,2014,28.385237
Kuwait,KWT,2015,27.749626
Kuwait,KWT,2016,24.32073
Kuwait,KWT,2017,23.404516
Kuwait,KWT,2018,22.706158
Kuwait,KWT,2019,24.376251
Kuwait,KWT,2020,27.976824
Kuwait,KWT,2021,32.40515
Kyrgyzstan,KGZ,2000,202.90735
Kyrgyzstan,KGZ,2001,189.1343
Kyrgyzstan,KGZ,2002,200.81577
Kyrgyzstan,KGZ,2003,197.87961
Kyrgyzstan,KGZ,2004,186.66551
Kyrgyzstan,KGZ,2005,188.73993
Kyrgyzstan,KGZ,2006,183.1253
Kyrgyzstan,KGZ,2007,172.93394
Kyrgyzstan,KGZ,2008,164.1154
Kyrgyzstan,KGZ,2009,157.31052
Kyrgyzstan,KGZ,2010,142.58528
Kyrgyzstan,KGZ,2011,131.76785
Kyrgyzstan,KGZ,2012,120.17971
Kyrgyzstan,KGZ,2013,105.99954
Kyrgyzstan,KGZ,2014,101.143654
Kyrgyzstan,KGZ,2015,92.0317
Kyrgyzstan,KGZ,2016,80.237305
Kyrgyzstan,KGZ,2017,80.841125
Kyrgyzstan,KGZ,2018,77.798645
Kyrgyzstan,KGZ,2019,75.24997
Kyrgyzstan,KGZ,2020,70.65455
Kyrgyzstan,KGZ,2021,62.087524
Laos,LAO,2000,235.74501
Laos,LAO,2001,243.23586
Laos,LAO,2002,245.93163
Laos,LAO,2003,248.23569
Laos,LAO,2004,252.57571
Laos,LAO,2005,250.4436
Laos,LAO,2006,233.23573
Laos,LAO,2007,213.17719
Laos,LAO,2008,200.7084
Laos,LAO,2009,188.65038
Laos,LAO,2010,179.95529
Laos,LAO,2011,173.41699
Laos,LAO,2012,168.526
Laos,LAO,2013,165.82938
Laos,LAO,2014,165.23323
Laos,LAO,2015,163.45229
Laos,LAO,2016,161.61278
Laos,LAO,2017,160.8204
Laos,LAO,2018,160.35904
Laos,LAO,2019,159.32361
Laos,LAO,2020,165.90976
Laos,LAO,2021,157.4344
Latvia,LVA,2000,170.07022
Latvia,LVA,2001,180.2849
Latvia,LVA,2002,179.3235
Latvia,LVA,2003,174.33311
Latvia,LVA,2004,162.61626
Latvia,LVA,2005,162.89304
Latvia,LVA,2006,152.50604
Latvia,LVA,2007,134.53026
Latvia,LVA,2008,125.376465
Latvia,LVA,2009,115.270775
Latvia,LVA,2010,113.85422
Latvia,LVA,2011,102.11954
Latvia,LVA,2012,106.783554
Latvia,LVA,2013,103.177505
Latvia,LVA,2014,101.09847
Latvia,LVA,2015,103.31234
Latvia,LVA,2016,106.68153
Latvia,LVA,2017,106.19545
Latvia,LVA,2018,102.506035
Latvia,LVA,2019,93.93673
Latvia,LVA,2020,97.201
Latvia,LVA,2021,100.85487
Lebanon,LBN,2000,78.583405
Lebanon,LBN,2001,73.03989
Lebanon,LBN,2002,65.30536
Lebanon,LBN,2003,59.97561
Lebanon,LBN,2004,56.05947
Lebanon,LBN,2005,54.213387
Lebanon,LBN,2006,52.224327
Lebanon,LBN,2007,51.14722
Lebanon,LBN,2008,50.06475
Lebanon,LBN,2009,48.51207
Lebanon,LBN,2010,46.9673
Lebanon,LBN,2011,46.978428
Lebanon,LBN,2012,46.194786
Lebanon,LBN,2013,45.414204
Lebanon,LBN,2014,44.22958
Lebanon,LBN,2015,42.805084
Lebanon,LBN,2016,40.88744
Lebanon,LBN,2017,39.479862
Lebanon,LBN,2018,38.17838
Lebanon,LBN,2019,38.027344
Lebanon,LBN,2020,38.672516
Lebanon,LBN,2021,36.730442
Lesotho,LSO,2000,152.85587
Lesotho,LSO,2001,132.27315
Lesotho,LSO,2002,142.21977
Lesotho,LSO,2003,158.46854
Lesotho,LSO,2004,160.62537
Lesotho,LSO,2005,175.98508
Lesotho,LSO,2006,187.93146
Lesotho,LSO,2007,197.28094
Lesotho,LSO,2008,185.26468
Lesotho,LSO,2009,182.95424
Lesotho,LSO,2010,224.35527
Lesotho,LSO,2011,231.479
Lesotho,LSO,2012,207.59251
Lesotho,LSO,2013,221.74347
Lesotho,LSO,2014,244.78682
Lesotho,LSO,2015,256.27997
Lesotho,LSO,2016,257.62253
Lesotho,LSO,2017,252.02835
Lesotho,LSO,2018,253.33621
Lesotho,LSO,2019,255.08093
Lesotho,LSO,2020,257.1807
Lesotho,LSO,2021,242.97919
Liberia,LBR,2000,137.36829
Liberia,LBR,2001,133.68367
Liberia,LBR,2002,140.15503
Liberia,LBR,2003,131.76286
Liberia,LBR,2004,140.2283
Liberia,LBR,2005,132.93376
Liberia,LBR,2006,134.99315
Liberia,LBR,2007,133.40529
Liberia,LBR,2008,133.80963
Liberia,LBR,2009,138.64111
Liberia,LBR,2010,142.0383
Liberia,LBR,2011,145.60207
Liberia,LBR,2012,141.81874
Liberia,LBR,2013,136.46146
Liberia,LBR,2014,126.08795
Liberia,LBR,2015,130.16522
Liberia,LBR,2016,131.17014
Liberia,LBR,2017,131.10907
Liberia,LBR,2018,128.99397
Liberia,LBR,2019,129.43044
Liberia,LBR,2020,132.8479
Liberia,LBR,2021,126.645905
Libya,LBY,2000,65.9225
Libya,LBY,2001,69.31733
Libya,LBY,2002,70.68885
Libya,LBY,2003,70.55993
Libya,LBY,2004,68.263306
Libya,LBY,2005,68.6896
Libya,LBY,2006,64.55305
Libya,LBY,2007,65.34271
Libya,LBY,2008,66.74141
Libya,LBY,2009,68.39362
Libya,LBY,2010,67.991295
Libya,LBY,2011,71.11261
Libya,LBY,2012,65.13954
Libya,LBY,2013,62.322033
Libya,LBY,2014,66.088165
Libya,LBY,2015,66.351616
Libya,LBY,2016,68.07954
Libya,LBY,2017,69.89177
Libya,LBY,2018,69.97887
Libya,LBY,2019,68.17851
Libya,LBY,2020,68.701385
Libya,LBY,2021,64.90547
Lithuania,LTU,2000,94.21271
Lithuania,LTU,2001,95.71772
Lithuania,LTU,2002,98.25746
Lithuania,LTU,2003,94.15608
Lithuania,LTU,2004,93.02981
Lithuania,LTU,2005,94.85105
Lithuania,LTU,2006,99.490616
Lithuania,LTU,2007,93.38259
Lithuania,LTU,2008,92.89079
Lithuania,LTU,2009,90.333206
Lithuania,LTU,2010,87.935936
Lithuania,LTU,2011,85.69303
Lithuania,LTU,2012,82.977135
Lithuania,LTU,2013,84.44415
Lithuania,LTU,2014,77.69351
Lithuania,LTU,2015,79.61936
Lithuania,LTU,2016,77.25978
Lithuania,LTU,2017,72.08249
Lithuania,LTU,2018,71.570526
Lithuania,LTU,2019,65.0513
Lithuania,LTU,2020,69.64706
Lithuania,LTU,2021,68.66224
Luxembourg,LUX,2000,54.616188
Luxembourg,LUX,2001,53.448402
Luxembourg,LUX,2002,50.163902
Luxembourg,LUX,2003,47.243557
Luxembourg,LUX,2004,42.773617
Luxembourg,LUX,2005,40.572433
Luxembourg,LUX,2006,37.51494
Luxembourg,LUX,2007,35.741283
Luxembourg,LUX,2008,34.834698
Luxembourg,LUX,2009,33.854218
Luxembourg,LUX,2010,32.074253
Luxembourg,LUX,2011,28.811953
Luxembourg,LUX,2012,25.797373
Luxembourg,LUX,2013,22.657717
Luxembourg,LUX,2014,20.718786
Luxembourg,LUX,2015,18.977537
Luxembourg,LUX,2016,18.895542
Luxembourg,LUX,2017,17.686144
Luxembourg,LUX,2018,16.51336
Luxembourg,LUX,2019,16.092989
Luxembourg,LUX,2020,16.344643
Luxembourg,LUX,2021,16.10773
Madagascar,MDG,2000,201.3402
Madagascar,MDG,2001,197.82373
Madagascar,MDG,2002,201.50427
Madagascar,MDG,2003,204.35216
Madagascar,MDG,2004,204.43518
Madagascar,MDG,2005,199.7337
Madagascar,MDG,2006,197.07773
Madagascar,MDG,2007,192.33577
Madagascar,MDG,2008,190.24843
Madagascar,MDG,2009,188.37105
Madagascar,MDG,2010,187.8555
Madagascar,MDG,2011,186.82072
Madagascar,MDG,2012,182.74791
Madagascar,MDG,2013,182.10764
Madagascar,MDG,2014,183.28258
Madagascar,MDG,2015,180.5564
Madagascar,MDG,2016,180.10544
Madagascar,MDG,2017,178.77603
Madagascar,MDG,2018,178.89659
Madagascar,MDG,2019,179.26944
Madagascar,MDG,2020,190.94121
Madagascar,MDG,2021,181.50607
Malawi,MWI,2000,165.46819
Malawi,MWI,2001,156.43236
Malawi,MWI,2002,147.85864
Malawi,MWI,2003,148.67964
Malawi,MWI,2004,146.09999
Malawi,MWI,2005,137.39238
Malawi,MWI,2006,143.73926
Malawi,MWI,2007,139.88794
Malawi,MWI,2008,132.7936
Malawi,MWI,2009,132.2244
Malawi,MWI,2010,126.786354
Malawi,MWI,2011,128.06947
Malawi,MWI,2012,127.437004
Malawi,MWI,2013,125.61721
Malawi,MWI,2014,128.26224
Malawi,MWI,2015,133.3297
Malawi,MWI,2016,136.74113
Malawi,MWI,2017,142.38342
Malawi,MWI,2018,144.95732
Malawi,MWI,2019,149.36044
Malawi,MWI,2020,156.9472
Malawi,MWI,2021,149.47275
Malaysia,MYS,2000,112.053116
Malaysia,MYS,2001,107.7969
Malaysia,MYS,2002,107.28419
Malaysia,MYS,2003,109.95003
Malaysia,MYS,2004,109.57683
Malaysia,MYS,2005,108.35151
Malaysia,MYS,2006,105.4424
Malaysia,MYS,2007,103.46785
Malaysia,MYS,2008,106.19382
Malaysia,MYS,2009,109.08848
Malaysia,MYS,2010,107.56783
Malaysia,MYS,2011,100.556366
Malaysia,MYS,2012,94.10371
Malaysia,MYS,2013,92.14241
Malaysia,MYS,2014,91.90821
Malaysia,MYS,2015,94.1584
Malaysia,MYS,2016,91.863365
Malaysia,MYS,2017,92.331406
Malaysia,MYS,2018,90.74133
Malaysia,MYS,2019,89.09895
Malaysia,MYS,2020,73.65856
Malaysia,MYS,2021,90.065186
Maldives,MDV,2000,179.47552
Maldives,MDV,2001,176.09595
Maldives,MDV,2002,173.38681
Maldives,MDV,2003,172.37057
Maldives,MDV,2004,166.69424
Maldives,MDV,2005,158.58006
Maldives,MDV,2006,154.63516
Maldives,MDV,2007,151.0082
Maldives,MDV,2008,145.70393
Maldives,MDV,2009,141.54547
Maldives,MDV,2010,138.35182
Maldives,MDV,2011,132.60822
Maldives,MDV,2012,120.968094
Maldives,MDV,2013,116.102905
Maldives,MDV,2014,112.95086
Maldives,MDV,2015,111.24595
Maldives,MDV,2016,109.2463
Maldives,MDV,2017,108.43694
Maldives,MDV,2018,104.613556
Maldives,MDV,2019,253.80733
Maldives,MDV,2020,246.25117
Maldives,MDV,2021,238.12369
Mali,MLI,2000,113.45938
Mali,MLI,2001,112.07104
Mali,MLI,2002,111.655975
Mali,MLI,2003,110.36441
Mali,MLI,2004,109.56001
Mali,MLI,2005,108.94574
Mali,MLI,2006,109.540016
Mali,MLI,2007,110.84511
Mali,MLI,2008,112.28236
Mali,MLI,2009,112.79835
Mali,MLI,2010,111.38411
Mali,MLI,2011,111.566536
Mali,MLI,2012,112.676254
Mali,MLI,2013,112.71301
Mali,MLI,2014,112.89664
Mali,MLI,2015,113.68067
Mali,MLI,2016,112.17971
Mali,MLI,2017,110.09922
Mali,MLI,2018,108.9019
Mali,MLI,2019,107.34716
Mali,MLI,2020,113.3712
Mali,MLI,2021,108.278885
Malta,MLT,2000,55.221107
Malta,MLT,2001,55.821632
Malta,MLT,2002,53.859325
Malta,MLT,2003,53.983242
Malta,MLT,2004,52.2729
Malta,MLT,2005,51.33129
Malta,MLT,2006,49.912884
Malta,MLT,2007,46.92831
Malta,MLT,2008,45.267387
Malta,MLT,2009,40.948326
Malta,MLT,2010,40.72378
Malta,MLT,2011,36.482407
Malta,MLT,2012,34.288124
Malta,MLT,2013,31.11228
Malta,MLT,2014,30.450172
Malta,MLT,2015,28.603966
Malta,MLT,2016,26.580147
Malta,MLT,2017,24.189848
Malta,MLT,2018,22.465738
Malta,MLT,2019,22.140453
Malta,MLT,2020,17.092068
Malta,MLT,2021,18.303905
Marshall Islands,MHL,2000,252.03076
Marshall Islands,MHL,2001,249.0316
Marshall Islands,MHL,2002,246.43564
Marshall Islands,MHL,2003,245.213
Marshall Islands,MHL,2004,241.40283
Marshall Islands,MHL,2005,241.0286
Marshall Islands,MHL,2006,239.4936
Marshall Islands,MHL,2007,235.28
Marshall Islands,MHL,2008,236.31085
Marshall Islands,MHL,2009,234.57437
Marshall Islands,MHL,2010,225.67471
Marshall Islands,MHL,2011,226.52153
Marshall Islands,MHL,2012,220.0616
Marshall Islands,MHL,2013,214.63231
Marshall Islands,MHL,2014,209.15811
Marshall Islands,MHL,2015,204.16527
Marshall Islands,MHL,2016,195.73164
Marshall Islands,MHL,2017,193.0786
Marshall Islands,MHL,2018,177.08488
Marshall Islands,MHL,2019,190.86732
Marshall Islands,MHL,2020,196.86906
Marshall Islands,MHL,2021,190.34367
Mauritania,MRT,2000,125.36509
Mauritania,MRT,2001,121.821785
Mauritania,MRT,2002,120.631035
Mauritania,MRT,2003,117.753746
Mauritania,MRT,2004,119.38895
Mauritania,MRT,2005,113.262344
Mauritania,MRT,2006,113.75731
Mauritania,MRT,2007,113.58018
Mauritania,MRT,2008,111.42215
Mauritania,MRT,2009,111.732376
Mauritania,MRT,2010,111.48833
Mauritania,MRT,2011,108.878944
Mauritania,MRT,2012,112.07371
Mauritania,MRT,2013,110.8125
Mauritania,MRT,2014,111.34413
Mauritania,MRT,2015,110.159485
Mauritania,MRT,2016,111.04925
Mauritania,MRT,2017,111.08319
Mauritania,MRT,2018,111.10039
Mauritania,MRT,2019,111.173546
Mauritania,MRT,2020,116.50806
Mauritania,MRT,2021,109.90912
Mauritius,MUS,2000,79.63539
Mauritius,MUS,2001,74.52069
Mauritius,MUS,2002,73.97922
Mauritius,MUS,2003,73.0075
Mauritius,MUS,2004,69.74634
Mauritius,MUS,2005,100.16528
Mauritius,MUS,2006,84.585464
Mauritius,MUS,2007,85.51648
Mauritius,MUS,2008,86.63242
Mauritius,MUS,2009,75.38291
Mauritius,MUS,2010,71.55008
Mauritius,MUS,2011,70.629425
Mauritius,MUS,2012,62.525978
Mauritius,MUS,2013,63.11577
Mauritius,MUS,2014,58.883957
Mauritius,MUS,2015,62.72052
Mauritius,MUS,2016,72.14371
Mauritius,MUS,2017,60.10356
Mauritius,MUS,2018,64.93356
Mauritius,MUS,2019,60.667763
Mauritius,MUS,2020,73.45348
Mauritius,MUS,2021,68.91698
Mexico,MEX,2000,41.919975
Mexico,MEX,2001,40.795155
Mexico,MEX,2002,40.571545
Mexico,MEX,2003,39.38339
Mexico,MEX,2004,38.20123
Mexico,MEX,2005,37.42921
Mexico,MEX,2006,36.07662
Mexico,MEX,2007,36.956757
Mexico,MEX,2008,37.95242
Mexico,MEX,2009,37.3148
Mexico,MEX,2010,38.10027
Mexico,MEX,2011,35.9306
Mexico,MEX,2012,35.46596
Mexico,MEX,2013,34.765614
Mexico,MEX,2014,34.96805
Mexico,MEX,2015,35.08102
Mexico,MEX,2016,34.245514
Mexico,MEX,2017,33.567425
Mexico,MEX,2018,32.380962
Mexico,MEX,2019,31.364555
Mexico,MEX,2020,27.11223
Mexico,MEX,2021,26.955332
Micronesia (country),FSM,2000,236.17863
Micronesia (country),FSM,2001,232.15733
Micronesia (country),FSM,2002,224.51236
Micronesia (country),FSM,2003,219.29549
Micronesia (country),FSM,2004,217.45819
Micronesia (country),FSM,2005,215.59166
Micronesia (country),FSM,2006,211.49513
Micronesia (country),FSM,2007,207.68816
Micronesia (country),FSM,2008,205.10738
Micronesia (country),FSM,2009,202.57486
Micronesia (country),FSM,2010,200.82184
Micronesia (country),FSM,2011,202.43106
Micronesia (country),FSM,2012,203.95747
Micronesia (country),FSM,2013,203.7107
Micronesia (country),FSM,2014,200.21696
Micronesia (country),FSM,2015,203.8122
Micronesia (country),FSM,2016,202.53134
Micronesia (country),FSM,2017,202.79292
Micronesia (country),FSM,2018,204.04478
Micronesia (country),FSM,2019,204.29875
Micronesia (country),FSM,2020,211.0448
Micronesia (country),FSM,2021,210.56003
Moldova,MDA,2000,203.86188
Moldova,MDA,2001,199.18033
Moldova,MDA,2002,198.4948
Moldova,MDA,2003,202.37645
Moldova,MDA,2004,192.94606
Moldova,MDA,2005,201.2937
Moldova,MDA,2006,187.90608
Moldova,MDA,2007,179.18103
Moldova,MDA,2008,169.523
Moldova,MDA,2009,159.56354
Moldova,MDA,2010,148.39166
Moldova,MDA,2011,138.52599
Moldova,MDA,2012,134.8344
Moldova,MDA,2013,125.57615
Moldova,MDA,2014,122.79189
Moldova,MDA,2015,116.22723
Moldova,MDA,2016,108.82544
Moldova,MDA,2017,100.62785
Moldova,MDA,2018,94.73339
Moldova,MDA,2019,93.263245
Moldova,MDA,2020,94.46392
Moldova,MDA,2021,112.40727
Monaco,MCO,2000,61.144066
Monaco,MCO,2001,57.353542
Monaco,MCO,2002,55.20832
Monaco,MCO,2003,53.651066
Monaco,MCO,2004,52.425365
Monaco,MCO,2005,51.24325
Monaco,MCO,2006,49.987755
Monaco,MCO,2007,48.49167
Monaco,MCO,2008,47.640038
Monaco,MCO,2009,47.600925
Monaco,MCO,2010,47.11458
Monaco,MCO,2011,46.055923
Monaco,MCO,2012,46.375225
Monaco,MCO,2013,45.322113
Monaco,MCO,2014,44.412373
Monaco,MCO,2015,43.538334
Monaco,MCO,2016,41.87054
Monaco,MCO,2017,39.780685
Monaco,MCO,2018,37.702442
Monaco,MCO,2019,36.92337
Monaco,MCO,2020,35.628674
Monaco,MCO,2021,34.87933
Mongolia,MNG,2000,225.81494
Mongolia,MNG,2001,232.48056
Mongolia,MNG,2002,235.83667
Mongolia,MNG,2003,233.37756
Mongolia,MNG,2004,228.65196
Mongolia,MNG,2005,226.37666
Mongolia,MNG,2006,217.78249
Mongolia,MNG,2007,209.10535
Mongolia,MNG,2008,207.50015
Mongolia,MNG,2009,206.96123
Mongolia,MNG,2010,206.1485
Mongolia,MNG,2011,196.34627
Mongolia,MNG,2012,184.22379
Mongolia,MNG,2013,176.94234
Mongolia,MNG,2014,164.97977
Mongolia,MNG,2015,161.68092
Mongolia,MNG,2016,154.33362
Mongolia,MNG,2017,147.13803
Mongolia,MNG,2018,134.71213
Mongolia,MNG,2019,129.76794
Mongolia,MNG,2020,100.53094
Mongolia,MNG,2021,121.30984
Montenegro,MNE,2000,190.70766
Montenegro,MNE,2001,196.59988
Montenegro,MNE,2002,201.37544
Montenegro,MNE,2003,201.09682
Montenegro,MNE,2004,195.50589
Montenegro,MNE,2005,184.63951
Montenegro,MNE,2006,172.20126
Montenegro,MNE,2007,158.65697
Montenegro,MNE,2008,150.3193
Montenegro,MNE,2009,145.02417
Montenegro,MNE,2010,141.73622
Montenegro,MNE,2011,140.02234
Montenegro,MNE,2012,138.92754
Montenegro,MNE,2013,137.44427
Montenegro,MNE,2014,134.49902
Montenegro,MNE,2015,131.82672
Montenegro,MNE,2016,129.81825
Montenegro,MNE,2017,129.01189
Montenegro,MNE,2018,128.41965
Montenegro,MNE,2019,134.43889
Montenegro,MNE,2020,145.27327
Montenegro,MNE,2021,116.65709
Morocco,MAR,2000,117.166435
Morocco,MAR,2001,116.3949
Morocco,MAR,2002,114.8213
Morocco,MAR,2003,114.84703
Morocco,MAR,2004,114.53259
Morocco,MAR,2005,114.58822
Morocco,MAR,2006,114.42144
Morocco,MAR,2007,114.341286
Morocco,MAR,2008,112.97739
Morocco,MAR,2009,111.84784
Morocco,MAR,2010,110.840225
Morocco,MAR,2011,110.63756
Morocco,MAR,2012,109.97522
Morocco,MAR,2013,109.96445
Morocco,MAR,2014,109.641754
Morocco,MAR,2015,108.77303
Morocco,MAR,2016,108.51796
Morocco,MAR,2017,107.58674
Morocco,MAR,2018,107.34136
Morocco,MAR,2019,106.04302
Morocco,MAR,2020,108.64847
Morocco,MAR,2021,104.62429
Mozambique,MOZ,2000,160.0461
Mozambique,MOZ,2001,153.6863
Mozambique,MOZ,2002,155.09416
Mozambique,MOZ,2003,153.74954
Mozambique,MOZ,2004,154.98732
Mozambique,MOZ,2005,157.47359
Mozambique,MOZ,2006,171.36504
Mozambique,MOZ,2007,196.32672
Mozambique,MOZ,2008,201.55894
Mozambique,MOZ,2009,209.33167
Mozambique,MOZ,2010,217.15819
Mozambique,MOZ,2011,219.8919
Mozambique,MOZ,2012,220.85916
Mozambique,MOZ,2013,229.86433
Mozambique,MOZ,2014,239.67468
Mozambique,MOZ,2015,237.67271
Mozambique,MOZ,2016,246.18713
Mozambique,MOZ,2017,250.38739
Mozambique,MOZ,2018,247.01126
Mozambique,MOZ,2019,237.14064
Mozambique,MOZ,2020,239.53053
Mozambique,MOZ,2021,217.02745
Myanmar,MMR,2000,202.63814
Myanmar,MMR,2001,200.99068
Myanmar,MMR,2002,200.70374
Myanmar,MMR,2003,200.77026
Myanmar,MMR,2004,201.12158
Myanmar,MMR,2005,197.1704
Myanmar,MMR,2006,194.42395
Myanmar,MMR,2007,186.94594
Myanmar,MMR,2008,181.7653
Myanmar,MMR,2009,172.89543
Myanmar,MMR,2010,167.8748
Myanmar,MMR,2011,162.89565
Myanmar,MMR,2012,160.3415
Myanmar,MMR,2013,156.49057
Myanmar,MMR,2014,155.3986
Myanmar,MMR,2015,155.20485
Myanmar,MMR,2016,153.94093
Myanmar,MMR,2017,151.8374
Myanmar,MMR,2018,153.32396
Myanmar,MMR,2019,153.21552
Myanmar,MMR,2020,154.26236
Myanmar,MMR,2021,141.95366
Namibia,NAM,2000,143.19476
Namibia,NAM,2001,142.60764
Namibia,NAM,2002,141.87646
Namibia,NAM,2003,141.56688
Namibia,NAM,2004,138.98155
Namibia,NAM,2005,135.92801
Namibia,NAM,2006,134.89333
Namibia,NAM,2007,129.43004
Namibia,NAM,2008,123.852455
Namibia,NAM,2009,132.62823
Namibia,NAM,2010,130.15562
Namibia,NAM,2011,122.68033
Namibia,NAM,2012,120.701645
Namibia,NAM,2013,120.69094
Namibia,NAM,2014,123.24844
Namibia,NAM,2015,122.45745
Namibia,NAM,2016,121.85424
Namibia,NAM,2017,120.63021
Namibia,NAM,2018,120.81738
Namibia,NAM,2019,121.912476
Namibia,NAM,2020,130.41122
Namibia,NAM,2021,102.593315
Nauru,NRU,2000,357.74673
Nauru,NRU,2001,333.29443
Nauru,NRU,2002,320.31482
Nauru,NRU,2003,293.93546
Nauru,NRU,2004,304.5389
Nauru,NRU,2005,306.09988
Nauru,NRU,2006,309.79816
Nauru,NRU,2007,323.16327
Nauru,NRU,2008,315.92325
Nauru,NRU,2009,301.16733
Nauru,NRU,2010,301.95682
Nauru,NRU,2011,300.3721
Nauru,NRU,2012,288.20035
Nauru,NRU,2013,274.09848
Nauru,NRU,2014,264.0576
Nauru,NRU,2015,253.64511
Nauru,NRU,2016,243.4463
Nauru,NRU,2017,233.28397
Nauru,NRU,2018,218.12576
Nauru,NRU,2019,225.59868
Nauru,NRU,2020,242.9043
Nauru,NRU,2021,253.72105
Nepal,NPL,2000,71.435074
Nepal,NPL,2001,69.12684
Nepal,NPL,2002,66.5914
Nepal,NPL,2003,65.89787
Nepal,NPL,2004,64.995834
Nepal,NPL,2005,64.31942
Nepal,NPL,2006,64.63337
Nepal,NPL,2007,62.314934
Nepal,NPL,2008,62.59019
Nepal,NPL,2009,63.897297
Nepal,NPL,2010,64.39933
Nepal,NPL,2011,66.4387
Nepal,NPL,2012,67.5836
Nepal,NPL,2013,68.365364
Nepal,NPL,2014,68.98211
Nepal,NPL,2015,69.60282
Nepal,NPL,2016,68.86722
Nepal,NPL,2017,69.26916
Nepal,NPL,2018,69.45538
Nepal,NPL,2019,69.079025
Nepal,NPL,2020,70.49371
Nepal,NPL,2021,68.47599
Netherlands,NLD,2000,44.87346
Netherlands,NLD,2001,43.329315
Netherlands,NLD,2002,43.719555
Netherlands,NLD,2003,40.122772
Netherlands,NLD,2004,37.48728
Netherlands,NLD,2005,34.42816
Netherlands,NLD,2006,31.972878
Netherlands,NLD,2007,29.867477
Netherlands,NLD,2008,28.209167
Netherlands,NLD,2009,26.884987
Netherlands,NLD,2010,25.86919
Netherlands,NLD,2011,23.850328
Netherlands,NLD,2012,23.417467
Netherlands,NLD,2013,25.244473
Netherlands,NLD,2014,24.437061
Netherlands,NLD,2015,24.377613
Netherlands,NLD,2016,23.595509
Netherlands,NLD,2017,22.375689
Netherlands,NLD,2018,20.636496
Netherlands,NLD,2019,20.116146
Netherlands,NLD,2020,19.623524
Netherlands,NLD,2021,20.624882
New Zealand,NZL,2000,42.475483
New Zealand,NZL,2001,42.912945
New Zealand,NZL,2002,42.050888
New Zealand,NZL,2003,39.055897
New Zealand,NZL,2004,39.325684
New Zealand,NZL,2005,35.57321
New Zealand,NZL,2006,35.725426
New Zealand,NZL,2007,33.67177
New Zealand,NZL,2008,31.81473
New Zealand,NZL,2009,30.418562
New Zealand,NZL,2010,29.335274
New Zealand,NZL,2011,30.431955
New Zealand,NZL,2012,28.531792
New Zealand,NZL,2013,25.85375
New Zealand,NZL,2014,27.684507
New Zealand,NZL,2015,26.0308
New Zealand,NZL,2016,23.609524
New Zealand,NZL,2017,24.812551
New Zealand,NZL,2018,23.065073
New Zealand,NZL,2019,22.430935
New Zealand,NZL,2020,20.346844
New Zealand,NZL,2021,20.67853
Nicaragua,NIC,2000,46.253517
Nicaragua,NIC,2001,44.23396
Nicaragua,NIC,2002,47.259804
Nicaragua,NIC,2003,44.95725
Nicaragua,NIC,2004,40.688934
Nicaragua,NIC,2005,42.862766
Nicaragua,NIC,2006,36.824097
Nicaragua,NIC,2007,37.121376
Nicaragua,NIC,2008,38.405006
Nicaragua,NIC,2009,38.56545
Nicaragua,NIC,2010,34.617558
Nicaragua,NIC,2011,34.916355
Nicaragua,NIC,2012,33.393127
Nicaragua,NIC,2013,33.84875
Nicaragua,NIC,2014,32.08914
Nicaragua,NIC,2015,29.330011
Nicaragua,NIC,2016,29.975372
Nicaragua,NIC,2017,27.923391
Nicaragua,NIC,2018,29.950672
Nicaragua,NIC,2019,29.277363
Nicaragua,NIC,2020,21.176575
Nicaragua,NIC,2021,17.68145
Niger,NER,2000,132.3733
Niger,NER,2001,134.6242
Niger,NER,2002,133.49918
Niger,NER,2003,135.08914
Niger,NER,2004,132.01656
Niger,NER,2005,134.58891
Niger,NER,2006,131.92487
Niger,NER,2007,133.51244
Niger,NER,2008,129.96921
Niger,NER,2009,132.81064
Niger,NER,2010,135.05678
Niger,NER,2011,138.53197
Niger,NER,2012,140.59566
Niger,NER,2013,141.49576
Niger,NER,2014,142.07292
Niger,NER,2015,143.36398
Niger,NER,2016,142.98877
Niger,NER,2017,141.82504
Niger,NER,2018,141.05437
Niger,NER,2019,140.92285
Niger,NER,2020,144.28152
Niger,NER,2021,138.26595
Nigeria,NGA,2000,129.96016
Nigeria,NGA,2001,130.419
Nigeria,NGA,2002,125.665276
Nigeria,NGA,2003,121.40242
Nigeria,NGA,2004,117.58573
Nigeria,NGA,2005,111.89126
Nigeria,NGA,2006,108.44502
Nigeria,NGA,2007,105.26526
Nigeria,NGA,2008,100.79768
Nigeria,NGA,2009,98.71806
Nigeria,NGA,2010,94.97071
Nigeria,NGA,2011,92.075386
Nigeria,NGA,2012,89.970436
Nigeria,NGA,2013,89.0956
Nigeria,NGA,2014,86.98096
Nigeria,NGA,2015,85.63416
Nigeria,NGA,2016,84.655556
Nigeria,NGA,2017,82.899864
Nigeria,NGA,2018,82.37838
Nigeria,NGA,2019,82.08443
Nigeria,NGA,2020,88.08975
Nigeria,NGA,2021,88.082855
Niue,NIU,2000,152.2425
Niue,NIU,2001,149.49644
Niue,NIU,2002,144.80658
Niue,NIU,2003,146.514
Niue,NIU,2004,141.97832
Niue,NIU,2005,138.56949
Niue,NIU,2006,137.99883
Niue,NIU,2007,135.84972
Niue,NIU,2008,137.69011
Niue,NIU,2009,129.51065
Niue,NIU,2010,130.1794
Niue,NIU,2011,128.09741
Niue,NIU,2012,123.15665
Niue,NIU,2013,126.21825
Niue,NIU,2014,120.59208
Niue,NIU,2015,122.67975
Niue,NIU,2016,123.63929
Niue,NIU,2017,120.36858
Niue,NIU,2018,117.66936
Niue,NIU,2019,124.56499
Niue,NIU,2020,128.08139
Niue,NIU,2021,126.144135
North America,OWID_NAM,2000,39.649918
North America,OWID_NAM,2001,38.30316
North America,OWID_NAM,2002,37.43133
North America,OWID_NAM,2003,36.162647
North America,OWID_NAM,2004,34.390858
North America,OWID_NAM,2005,32.976067
North America,OWID_NAM,2006,31.240889
North America,OWID_NAM,2007,30.759174
North America,OWID_NAM,2008,30.211937
North America,OWID_NAM,2009,29.191204
North America,OWID_NAM,2010,28.753525
North America,OWID_NAM,2011,27.927254
North America,OWID_NAM,2012,27.653358
North America,OWID_NAM,2013,27.364532
North America,OWID_NAM,2014,27.610003
North America,OWID_NAM,2015,28.127039
North America,OWID_NAM,2016,27.781008
North America,OWID_NAM,2017,27.888731
North America,OWID_NAM,2018,27.46445
North America,OWID_NAM,2019,27.36601
North America,OWID_NAM,2020,27.72752
North America,OWID_NAM,2021,27.436234
North Korea,PRK,2000,171.85481
North Korea,PRK,2001,170.38782
North Korea,PRK,2002,176.1145
North Korea,PRK,2003,173.5691
North Korea,PRK,2004,169.80363
North Korea,PRK,2005,167.58937
North Korea,PRK,2006,167.50174
North Korea,PRK,2007,173.91301
North Korea,PRK,2008,180.38031
North Korea,PRK,2009,182.16475
North Korea,PRK,2010,185.43791
North Korea,PRK,2011,185.95592
North Korea,PRK,2012,183.76978
North Korea,PRK,2013,182.53848
North Korea,PRK,2014,180.88164
North Korea,PRK,2015,181.88751
North Korea,PRK,2016,179.22354
North Korea,PRK,2017,171.58505
North Korea,PRK,2018,165.51108
North Korea,PRK,2019,166.09001
North Korea,PRK,2020,161.45808
North Korea,PRK,2021,157.39824
North Macedonia,MKD,2000,182.83409
North Macedonia,MKD,2001,170.95834
North Macedonia,MKD,2002,184.63254
North Macedonia,MKD,2003,178.70529
North Macedonia,MKD,2004,172.9262
North Macedonia,MKD,2005,174.34113
North Macedonia,MKD,2006,162.6689
North Macedonia,MKD,2007,172.7763
North Macedonia,MKD,2008,163.70769
North Macedonia,MKD,2009,155.53653
North Macedonia,MKD,2010,156.954
North Macedonia,MKD,2011,164.38487
North Macedonia,MKD,2012,153.34265
North Macedonia,MKD,2013,140.70677
North Macedonia,MKD,2014,138.1323
North Macedonia,MKD,2015,135.98404
North Macedonia,MKD,2016,119.470985
North Macedonia,MKD,2017,115.304146
North Macedonia,MKD,2018,103.12961
North Macedonia,MKD,2019,135.60779
North Macedonia,MKD,2020,134.99884
North Macedonia,MKD,2021,118.23487
Norway,NOR,2000,45.71725
Norway,NOR,2001,42.963657
Norway,NOR,2002,43.13628
Norway,NOR,2003,39.57617
Norway,NOR,2004,37.61184
Norway,NOR,2005,35.093872
Norway,NOR,2006,33.201702
Norway,NOR,2007,31.80344
Norway,NOR,2008,32.743595
Norway,NOR,2009,30.165243
Norway,NOR,2010,28.652449
Norway,NOR,2011,28.471382
Norway,NOR,2012,27.322714
Norway,NOR,2013,24.950245
Norway,NOR,2014,23.332474
Norway,NOR,2015,22.000008
Norway,NOR,2016,20.20849
Norway,NOR,2017,19.2514
Norway,NOR,2018,18.113806
Norway,NOR,2019,17.573051
Norway,NOR,2020,17.44272
Norway,NOR,2021,16.526289
Oceania,OWID_OCE,2000,48.35
Oceania,OWID_OCE,2001,46.960735
Oceania,OWID_OCE,2002,46.293175
Oceania,OWID_OCE,2003,44.569954
Oceania,OWID_OCE,2004,43.51973
Oceania,OWID_OCE,2005,42.35109
Oceania,OWID_OCE,2006,41.439045
Oceania,OWID_OCE,2007,39.745445
Oceania,OWID_OCE,2008,39.521996
Oceania,OWID_OCE,2009,37.109013
Oceania,OWID_OCE,2010,36.417904
Oceania,OWID_OCE,2011,36.310535
Oceania,OWID_OCE,2012,34.92718
Oceania,OWID_OCE,2013,33.486126
Oceania,OWID_OCE,2014,34.015984
Oceania,OWID_OCE,2015,33.387135
Oceania,OWID_OCE,2016,32.291786
Oceania,OWID_OCE,2017,31.478958
Oceania,OWID_OCE,2018,30.941046
Oceania,OWID_OCE,2019,30.622786
Oceania,OWID_OCE,2020,28.970451
Oceania,OWID_OCE,2021,29.015549
Oman,OMN,2000,94.63597
Oman,OMN,2001,88.68626
Oman,OMN,2002,84.64101
Oman,OMN,2003,81.81306
Oman,OMN,2004,76.799904
Oman,OMN,2005,74.92508
Oman,OMN,2006,74.75379
Oman,OMN,2007,75.28667
Oman,OMN,2008,77.23882
Oman,OMN,2009,75.16092
Oman,OMN,2010,84.33582
Oman,OMN,2011,79.95027
Oman,OMN,2012,72.066696
Oman,OMN,2013,70.45258
Oman,OMN,2014,72.98675
Oman,OMN,2015,74.7013
Oman,OMN,2016,78.15405
Oman,OMN,2017,75.43997
Oman,OMN,2018,68.9303
Oman,OMN,2019,67.8747
Oman,OMN,2020,81.36698
Oman,OMN,2021,68.232506
Pakistan,PAK,2000,123.22872
Pakistan,PAK,2001,123.05345
Pakistan,PAK,2002,122.033676
Pakistan,PAK,2003,120.713486
Pakistan,PAK,2004,118.71507
Pakistan,PAK,2005,116.54649
Pakistan,PAK,2006,114.17047
Pakistan,PAK,2007,111.26661
Pakistan,PAK,2008,109.27556
Pakistan,PAK,2009,107.5232
Pakistan,PAK,2010,105.916214
Pakistan,PAK,2011,104.64213
Pakistan,PAK,2012,102.930275
Pakistan,PAK,2013,101.609566
Pakistan,PAK,2014,100.20402
Pakistan,PAK,2015,99.574165
Pakistan,PAK,2016,98.26804
Pakistan,PAK,2017,97.75903
Pakistan,PAK,2018,96.30424
Pakistan,PAK,2019,95.256424
Pakistan,PAK,2020,97.852234
Pakistan,PAK,2021,93.129684
Palau,PLW,2000,145.73714
Palau,PLW,2001,145.22937
Palau,PLW,2002,143.65785
Palau,PLW,2003,138.68008
Palau,PLW,2004,143.3488
Palau,PLW,2005,140.9621
Palau,PLW,2006,142.72112
Palau,PLW,2007,141.65544
Palau,PLW,2008,140.93802
Palau,PLW,2009,141.27788
Palau,PLW,2010,140.81831
Palau,PLW,2011,139.0448
Palau,PLW,2012,138.69403
Palau,PLW,2013,138.12134
Palau,PLW,2014,132.43765
Palau,PLW,2015,128.81596
Palau,PLW,2016,125.795425
Palau,PLW,2017,124.106476
Palau,PLW,2018,119.54908
Palau,PLW,2019,118.96611
Palau,PLW,2020,118.94616
Palau,PLW,2021,119.86917
Panama,PAN,2000,76.22645
Panama,PAN,2001,86.25947
Panama,PAN,2002,76.273315
Panama,PAN,2003,78.11908
Panama,PAN,2004,75.776596
Panama,PAN,2005,74.96219
Panama,PAN,2006,68.32264
Panama,PAN,2007,63.18316
Panama,PAN,2008,58.877663
Panama,PAN,2009,63.207973
Panama,PAN,2010,50.521877
Panama,PAN,2011,51.095085
Panama,PAN,2012,49.581852
Panama,PAN,2013,50.05489
Panama,PAN,2014,51.689674
Panama,PAN,2015,49.359055
Panama,PAN,2016,50.287724
Panama,PAN,2017,46.826576
Panama,PAN,2018,47.60176
Panama,PAN,2019,47.956264
Panama,PAN,2020,42.931564
Panama,PAN,2021,43.414883
Papua New Guinea,PNG,2000,119.92001
Papua New Guinea,PNG,2001,124.192276
Papua New Guinea,PNG,2002,122.53006
Papua New Guinea,PNG,2003,124.90156
Papua New Guinea,PNG,2004,124.9512
Papua New Guinea,PNG,2005,126.25622
Papua New Guinea,PNG,2006,127.79252
Papua New Guinea,PNG,2007,126.483315
Papua New Guinea,PNG,2008,123.44469
Papua New Guinea,PNG,2009,122.901215
Papua New Guinea,PNG,2010,123.06445
Papua New Guinea,PNG,2011,123.33108
Papua New Guinea,PNG,2012,122.89213
Papua New Guinea,PNG,2013,124.82485
Papua New Guinea,PNG,2014,130.04701
Papua New Guinea,PNG,2015,128.60822
Papua New Guinea,PNG,2016,128.6997
Papua New Guinea,PNG,2017,124.587135
Papua New Guinea,PNG,2018,126.13225
Papua New Guinea,PNG,2019,128.69516
Papua New Guinea,PNG,2020,121.42588
Papua New Guinea,PNG,2021,119.08442
Paraguay,PRY,2000,86.468834
Paraguay,PRY,2001,82.56309
Paraguay,PRY,2002,76.48671
Paraguay,PRY,2003,77.24795
Paraguay,PRY,2004,81.73921
Paraguay,PRY,2005,81.706024
Paraguay,PRY,2006,85.13546
Paraguay,PRY,2007,78.40468
Paraguay,PRY,2008,76.45686
Paraguay,PRY,2009,79.795746
Paraguay,PRY,2010,74.96107
Paraguay,PRY,2011,70.83435
Paraguay,PRY,2012,66.782845
Paraguay,PRY,2013,64.546486
Paraguay,PRY,2014,59.97066
Paraguay,PRY,2015,59.58182
Paraguay,PRY,2016,60.079826
Paraguay,PRY,2017,62.92468
Paraguay,PRY,2018,64.23424
Paraguay,PRY,2019,62.179646
Paraguay,PRY,2020,57.5635
Paraguay,PRY,2021,62.156384
Peru,PER,2000,37.256527
Peru,PER,2001,28.253967
Peru,PER,2002,29.899023
Peru,PER,2003,29.745018
Peru,PER,2004,28.028753
Peru,PER,2005,27.276466
Peru,PER,2006,29.28506
Peru,PER,2007,25.518963
Peru,PER,2008,22.75048
Peru,PER,2009,26.112173
Peru,PER,2010,26.765965
Peru,PER,2011,26.358505
Peru,PER,2012,23.444937
Peru,PER,2013,23.812923
Peru,PER,2014,20.171602
Peru,PER,2015,20.787601
Peru,PER,2016,20.853743
Peru,PER,2017,23.308857
Peru,PER,2018,25.857676
Peru,PER,2019,28.997774
Peru,PER,2020,24.390223
Peru,PER,2021,26.962378
Philippines,PHL,2000,106.176414
Philippines,PHL,2001,113.08257
Philippines,PHL,2002,119.55252
Philippines,PHL,2003,125.36129
Philippines,PHL,2004,137.36378
Philippines,PHL,2005,141.73743
Philippines,PHL,2006,144.11879
Philippines,PHL,2007,142.20975
Philippines,PHL,2008,143.38062
Philippines,PHL,2009,151.01154
Philippines,PHL,2010,152.39062
Philippines,PHL,2011,150.268
Philippines,PHL,2012,145.32681
Philippines,PHL,2013,139.7497
Philippines,PHL,2014,123.119156
Philippines,PHL,2015,136.48236
Philippines,PHL,2016,126.26697
Philippines,PHL,2017,125.07566
Philippines,PHL,2018,125.83279
Philippines,PHL,2019,125.19582
Philippines,PHL,2020,118.78998
Philippines,PHL,2021,162.44931
Poland,POL,2000,86.31909
Poland,POL,2001,85.39688
Poland,POL,2002,81.11322
Poland,POL,2003,78.738174
Poland,POL,2004,75.91747
Poland,POL,2005,72.74444
Poland,POL,2006,69.386215
Poland,POL,2007,66.79669
Poland,POL,2008,63.390926
Poland,POL,2009,60.173508
Poland,POL,2010,57.051132
Poland,POL,2011,55.18128
Poland,POL,2012,51.786312
Poland,POL,2013,48.157604
Poland,POL,2014,44.958523
Poland,POL,2015,42.77012
Poland,POL,2016,41.043953
Poland,POL,2017,43.526016
Poland,POL,2018,41.457855
Poland,POL,2019,40.700367
Poland,POL,2020,44.08226
Poland,POL,2021,41.159916
Portugal,PRT,2000,118.69635
Portugal,PRT,2001,110.300224
Portugal,PRT,2002,103.26897
Portugal,PRT,2003,99.585785
Portugal,PRT,2004,86.73674
Portugal,PRT,2005,86.45732
Portugal,PRT,2006,75.481316
Portugal,PRT,2007,70.64025
Portugal,PRT,2008,66.97114
Portugal,PRT,2009,62.82829
Portugal,PRT,2010,60.353024
Portugal,PRT,2011,53.60413
Portugal,PRT,2012,53.118145
Portugal,PRT,2013,46.871895
Portugal,PRT,2014,42.756657
Portugal,PRT,2015,41.15069
Portugal,PRT,2016,39.832085
Portugal,PRT,2017,37.10134
Portugal,PRT,2018,36.307518
Portugal,PRT,2019,34.3
Portugal,PRT,2020,33.869785
Portugal,PRT,2021,31.005537
Qatar,QAT,2000,140.19867
Qatar,QAT,2001,144.4984
Qatar,QAT,2002,145.63533
Qatar,QAT,2003,139.64494
Qatar,QAT,2004,128.84578
Qatar,QAT,2005,120.523636
Qatar,QAT,2006,108.30494
Qatar,QAT,2007,97.26519
Qatar,QAT,2008,90.82198
Qatar,QAT,2009,91.82423
Qatar,QAT,2010,85.882774
Qatar,QAT,2011,72.440285
Qatar,QAT,2012,62.84203
Qatar,QAT,2013,55.364548
Qatar,QAT,2014,50.442627
Qatar,QAT,2015,44.087048
Qatar,QAT,2016,44.989456
Qatar,QAT,2017,44.587864
Qatar,QAT,2018,44.581406
Qatar,QAT,2019,44.951992
Qatar,QAT,2020,52.795475
Qatar,QAT,2021,53.581352
Romania,ROU,2000,172.19583
Romania,ROU,2001,171.11159
Romania,ROU,2002,180.4141
Romania,ROU,2003,180.99358
Romania,ROU,2004,173.73793
Romania,ROU,2005,178.99712
Romania,ROU,2006,171.37997
Romania,ROU,2007,156.98021
Romania,ROU,2008,146.86018
Romania,ROU,2009,143.81935
Romania,ROU,2010,141.45201
Romania,ROU,2011,134.31639
Romania,ROU,2012,129.37267
Romania,ROU,2013,123.03286
Romania,ROU,2014,118.76335
Romania,ROU,2015,115.403656
Romania,ROU,2016,111.703255
Romania,ROU,2017,110.18642
Romania,ROU,2018,108.220566
Romania,ROU,2019,98.99071
Romania,ROU,2020,104.39156
Romania,ROU,2021,104.93818
Russia,RUS,2000,246.46687
Russia,RUS,2001,247.57701
Russia,RUS,2002,251.20537
Russia,RUS,2003,256.04697
Russia,RUS,2004,241.20401
Russia,RUS,2005,233.72777
Russia,RUS,2006,212.61148
Russia,RUS,2007,195.46997
Russia,RUS,2008,187.50624
Russia,RUS,2009,173.27107
Russia,RUS,2010,166.919
Russia,RUS,2011,149.21867
Russia,RUS,2012,141.57785
Russia,RUS,2013,135.36038
Russia,RUS,2014,135.48622
Russia,RUS,2015,130.88098
Russia,RUS,2016,130.45227
Russia,RUS,2017,122.55183
Russia,RUS,2018,120.30239
Russia,RUS,2019,113.70901
Russia,RUS,2020,102.0074
Russia,RUS,2021,106.89926
Rwanda,RWA,2000,342.0636
Rwanda,RWA,2001,342.80228
Rwanda,RWA,2002,337.99274
Rwanda,RWA,2003,310.42133
Rwanda,RWA,2004,276.76077
Rwanda,RWA,2005,251.2824
Rwanda,RWA,2006,235.81963
Rwanda,RWA,2007,225.64458
Rwanda,RWA,2008,218.71837
Rwanda,RWA,2009,211.27756
Rwanda,RWA,2010,208.27982
Rwanda,RWA,2011,206.13474
Rwanda,RWA,2012,192.16785
Rwanda,RWA,2013,172.17044
Rwanda,RWA,2014,157.25436
Rwanda,RWA,2015,146.01277
Rwanda,RWA,2016,137.14883
Rwanda,RWA,2017,132.18024
Rwanda,RWA,2018,127.44001
Rwanda,RWA,2019,123.09369
Rwanda,RWA,2020,120.85067
Rwanda,RWA,2021,121.004395
Saint Kitts and Nevis,KNA,2000,155.30719
Saint Kitts and Nevis,KNA,2001,150.42433
Saint Kitts and Nevis,KNA,2002,143.87769
Saint Kitts and Nevis,KNA,2003,137.1599
Saint Kitts and Nevis,KNA,2004,140.64932
Saint Kitts and Nevis,KNA,2005,132.03275
Saint Kitts and Nevis,KNA,2006,131.13081
Saint Kitts and Nevis,KNA,2007,128.00757
Saint Kitts and Nevis,KNA,2008,124.69999
Saint Kitts and Nevis,KNA,2009,127.56137
Saint Kitts and Nevis,KNA,2010,129.25412
Saint Kitts and Nevis,KNA,2011,129.92084
Saint Kitts and Nevis,KNA,2012,125.438
Saint Kitts and Nevis,KNA,2013,121.82506
Saint Kitts and Nevis,KNA,2014,113.6445
Saint Kitts and Nevis,KNA,2015,112.78692
Saint Kitts and Nevis,KNA,2016,108.49234
Saint Kitts and Nevis,KNA,2017,106.742485
Saint Kitts and Nevis,KNA,2018,105.19367
Saint Kitts and Nevis,KNA,2019,104.973915
Saint Kitts and Nevis,KNA,2020,99.41365
Saint Kitts and Nevis,KNA,2021,99.54771
Saint Lucia,LCA,2000,127.56681
Saint Lucia,LCA,2001,124.45804
Saint Lucia,LCA,2002,121.96112
Saint Lucia,LCA,2003,121.853775
Saint Lucia,LCA,2004,113.06643
Saint Lucia,LCA,2005,110.013695
Saint Lucia,LCA,2006,108.416794
Saint Lucia,LCA,2007,97.04979
Saint Lucia,LCA,2008,90.99067
Saint Lucia,LCA,2009,88.36945
Saint Lucia,LCA,2010,80.58219
Saint Lucia,LCA,2011,74.69736
Saint Lucia,LCA,2012,78.19762
Saint Lucia,LCA,2013,80.66529
Saint Lucia,LCA,2014,73.92688
Saint Lucia,LCA,2015,74.371735
Saint Lucia,LCA,2016,76.21681
Saint Lucia,LCA,2017,76.57737
Saint Lucia,LCA,2018,76.51917
Saint Lucia,LCA,2019,76.62066
Saint Lucia,LCA,2020,79.24025
Saint Lucia,LCA,2021,78.3525
Saint Vincent and the Grenadines,VCT,2000,82.93499
Saint Vincent and the Grenadines,VCT,2001,83.025505
Saint Vincent and the Grenadines,VCT,2002,83.49922
Saint Vincent and the Grenadines,VCT,2003,77.95214
Saint Vincent and the Grenadines,VCT,2004,78.88205
Saint Vincent and the Grenadines,VCT,2005,75.13091
Saint Vincent and the Grenadines,VCT,2006,81.07372
Saint Vincent and the Grenadines,VCT,2007,79.109276
Saint Vincent and the Grenadines,VCT,2008,90.916466
Saint Vincent and the Grenadines,VCT,2009,84.71943
Saint Vincent and the Grenadines,VCT,2010,89.70302
Saint Vincent and the Grenadines,VCT,2011,80.03339
Saint Vincent and the Grenadines,VCT,2012,77.00178
Saint Vincent and the Grenadines,VCT,2013,77.602806
Saint Vincent and the Grenadines,VCT,2014,77.46364
Saint Vincent and the Grenadines,VCT,2015,74.53981
Saint Vincent and the Grenadines,VCT,2016,74.16953
Saint Vincent and the Grenadines,VCT,2017,75.827965
Saint Vincent and the Grenadines,VCT,2018,75.749664
Saint Vincent and the Grenadines,VCT,2019,70.45212
Saint Vincent and the Grenadines,VCT,2020,81.796616
Saint Vincent and the Grenadines,VCT,2021,71.46992
Samoa,WSM,2000,137.87344
Samoa,WSM,2001,136.58777
Samoa,WSM,2002,134.37502
Samoa,WSM,2003,132.50366
Samoa,WSM,2004,129.31822
Samoa,WSM,2005,127.241745
Samoa,WSM,2006,125.2684
Samoa,WSM,2007,124.19132
Samoa,WSM,2008,123.612564
Samoa,WSM,2009,120.68462
Samoa,WSM,2010,122.87534
Samoa,WSM,2011,122.70336
Samoa,WSM,2012,123.73619
Samoa,WSM,2013,123.37683
Samoa,WSM,2014,125.50763
Samoa,WSM,2015,126.54692
Samoa,WSM,2016,127.90317
Samoa,WSM,2017,126.60587
Samoa,WSM,2018,124.27231
Samoa,WSM,2019,121.59042
Samoa,WSM,2020,121.56367
Samoa,WSM,2021,120.20059
San Marino,SMR,2000,43.11057
San Marino,SMR,2001,40.91498
San Marino,SMR,2002,40.524143
San Marino,SMR,2003,39.01727
San Marino,SMR,2004,34.398075
San Marino,SMR,2005,31.755144
San Marino,SMR,2006,29.523773
San Marino,SMR,2007,28.489344
San Marino,SMR,2008,29.43683
San Marino,SMR,2009,29.035032
San Marino,SMR,2010,28.991783
San Marino,SMR,2011,26.993998
San Marino,SMR,2012,25.722363
San Marino,SMR,2013,25.436152
San Marino,SMR,2014,25.899282
San Marino,SMR,2015,26.034357
San Marino,SMR,2016,26.976719
San Marino,SMR,2017,27.049969
San Marino,SMR,2018,26.650764
San Marino,SMR,2019,26.435537
San Marino,SMR,2020,17.453228
San Marino,SMR,2021,17.750736
Sao Tome and Principe,STP,2000,122.80816
Sao Tome and Principe,STP,2001,123.68694
Sao Tome and Principe,STP,2002,123.290924
Sao Tome and Principe,STP,2003,118.40843
Sao Tome and Principe,STP,2004,118.359245
Sao Tome and Principe,STP,2005,115.742584
Sao Tome and Principe,STP,2006,117.90096
Sao Tome and Principe,STP,2007,121.58022
Sao Tome and Principe,STP,2008,120.96415
Sao Tome and Principe,STP,2009,118.778076
Sao Tome and Principe,STP,2010,116.228485
Sao Tome and Principe,STP,2011,113.90742
Sao Tome and Principe,STP,2012,118.1759
Sao Tome and Principe,STP,2013,114.719
Sao Tome and Principe,STP,2014,114.9955
Sao Tome and Principe,STP,2015,114.70789
Sao Tome and Principe,STP,2016,116.78758
Sao Tome and Principe,STP,2017,117.54549
Sao Tome and Principe,STP,2018,117.783195
Sao Tome and Principe,STP,2019,117.34155
Sao Tome and Principe,STP,2020,114.17479
Sao Tome and Principe,STP,2021,106.48578
Saudi Arabia,SAU,2000,56.27054
Saudi Arabia,SAU,2001,55.53435
Saudi Arabia,SAU,2002,54.603516
Saudi Arabia,SAU,2003,53.23485
Saudi Arabia,SAU,2004,50.733852
Saudi Arabia,SAU,2005,48.721874
Saudi Arabia,SAU,2006,46.514206
Saudi Arabia,SAU,2007,43.668484
Saudi Arabia,SAU,2008,40.261745
Saudi Arabia,SAU,2009,36.454422
Saudi Arabia,SAU,2010,32.713688
Saudi Arabia,SAU,2011,28.775724
Saudi Arabia,SAU,2012,26.017801
Saudi Arabia,SAU,2013,25.25858
Saudi Arabia,SAU,2014,25.83224
Saudi Arabia,SAU,2015,26.004301
Saudi Arabia,SAU,2016,26.520052
Saudi Arabia,SAU,2017,27.44534
Saudi Arabia,SAU,2018,27.679571
Saudi Arabia,SAU,2019,27.23729
Saudi Arabia,SAU,2020,24.618185
Saudi Arabia,SAU,2021,25.300776
Senegal,SEN,2000,144.9437
Senegal,SEN,2001,139.70508
Senegal,SEN,2002,133.3118
Senegal,SEN,2003,130.1588
Senegal,SEN,2004,126.55244
Senegal,SEN,2005,123.506615
Senegal,SEN,2006,120.578224
Senegal,SEN,2007,118.56877
Senegal,SEN,2008,120.46488
Senegal,SEN,2009,118.49747
Senegal,SEN,2010,115.78787
Senegal,SEN,2011,114.55074
Senegal,SEN,2012,115.0626
Senegal,SEN,2013,116.25315
Senegal,SEN,2014,116.59963
Senegal,SEN,2015,114.34174
Senegal,SEN,2016,113.78555
Senegal,SEN,2017,113.43023
Senegal,SEN,2018,113.474754
Senegal,SEN,2019,113.31979
Senegal,SEN,2020,117.035
Senegal,SEN,2021,113.46645
Serbia,SRB,2000,142.59021
Serbia,SRB,2001,137.39001
Serbia,SRB,2002,140.2966
Serbia,SRB,2003,140.22794
Serbia,SRB,2004,133.2992
Serbia,SRB,2005,131.65746
Serbia,SRB,2006,127.267105
Serbia,SRB,2007,124.74801
Serbia,SRB,2008,120.7661
Serbia,SRB,2009,121.19577
Serbia,SRB,2010,117.42323
Serbia,SRB,2011,110.80402
Serbia,SRB,2012,108.7441
Serbia,SRB,2013,100.317276
Serbia,SRB,2014,96.67927
Serbia,SRB,2015,98.01037
Serbia,SRB,2016,90.59286
Serbia,SRB,2017,89.25969
Serbia,SRB,2018,81.956924
Serbia,SRB,2019,84.76104
Serbia,SRB,2020,90.155396
Serbia,SRB,2021,93.96388
Seychelles,SYC,2000,71.809616
Seychelles,SYC,2001,70.55038
Seychelles,SYC,2002,72.71419
Seychelles,SYC,2003,76.27406
Seychelles,SYC,2004,78.77857
Seychelles,SYC,2005,80.10483
Seychelles,SYC,2006,80.48798
Seychelles,SYC,2007,79.313385
Seychelles,SYC,2008,80.95147
Seychelles,SYC,2009,79.43263
Seychelles,SYC,2010,76.784904
Seychelles,SYC,2011,75.13537
Seychelles,SYC,2012,77.20325
Seychelles,SYC,2013,75.97233
Seychelles,SYC,2014,75.14735
Seychelles,SYC,2015,74.89894
Seychelles,SYC,2016,75.71334
Seychelles,SYC,2017,75.30935
Seychelles,SYC,2018,74.35014
Seychelles,SYC,2019,72.414024
Seychelles,SYC,2020,46.180122
Seychelles,SYC,2021,57.94534
Sierra Leone,SLE,2000,165.115
Sierra Leone,SLE,2001,170.25896
Sierra Leone,SLE,2002,174.8744
Sierra Leone,SLE,2003,178.19724
Sierra Leone,SLE,2004,180.63188
Sierra Leone,SLE,2005,184.0546
Sierra Leone,SLE,2006,182.77026
Sierra Leone,SLE,2007,188.34848
Sierra Leone,SLE,2008,189.60031
Sierra Leone,SLE,2009,188.94273
Sierra Leone,SLE,2010,189.69254
Sierra Leone,SLE,2011,186.15846
Sierra Leone,SLE,2012,183.2659
Sierra Leone,SLE,2013,177.25066
Sierra Leone,SLE,2014,171.84526
Sierra Leone,SLE,2015,169.89429
Sierra Leone,SLE,2016,173.26985
Sierra Leone,SLE,2017,173.91524
Sierra Leone,SLE,2018,173.18927
Sierra Leone,SLE,2019,170.91917
Sierra Leone,SLE,2020,166.79248
Sierra Leone,SLE,2021,165.60555
Singapore,SGP,2000,56.77622
Singapore,SGP,2001,47.379143
Singapore,SGP,2002,43.95542
Singapore,SGP,2003,47.17998
Singapore,SGP,2004,44.47717
Singapore,SGP,2005,43.549007
Singapore,SGP,2006,37.55226
Singapore,SGP,2007,37.70973
Singapore,SGP,2008,34.828827
Singapore,SGP,2009,30.898623
Singapore,SGP,2010,31.681658
Singapore,SGP,2011,34.017784
Singapore,SGP,2012,34.07213
Singapore,SGP,2013,31.573137
Singapore,SGP,2014,29.245382
Singapore,SGP,2015,23.059856
Singapore,SGP,2016,22.26141
Singapore,SGP,2017,21.164688
Singapore,SGP,2018,19.993484
Singapore,SGP,2019,18.722645
Singapore,SGP,2020,19.610369
Singapore,SGP,2021,20.86953
Slovakia,SVK,2000,72.582306
Slovakia,SVK,2001,74.35641
Slovakia,SVK,2002,74.56354
Slovakia,SVK,2003,73.967865
Slovakia,SVK,2004,70.83081
Slovakia,SVK,2005,63.300747
Slovakia,SVK,2006,58.591763
Slovakia,SVK,2007,68.00581
Slovakia,SVK,2008,75.51671
Slovakia,SVK,2009,72.12397
Slovakia,SVK,2010,68.878204
Slovakia,SVK,2011,64.97207
Slovakia,SVK,2012,62.428307
Slovakia,SVK,2013,56.372063
Slovakia,SVK,2014,56.561172
Slovakia,SVK,2015,58.066128
Slovakia,SVK,2016,55.39701
Slovakia,SVK,2017,51.68773
Slovakia,SVK,2018,48.51886
Slovakia,SVK,2019,42.17243
Slovakia,SVK,2020,44.276134
Slovakia,SVK,2021,45.61294
Slovenia,SVN,2000,66.49513
Slovenia,SVN,2001,62.680378
Slovenia,SVN,2002,62.819107
Slovenia,SVN,2003,61.64017
Slovenia,SVN,2004,55.95842
Slovenia,SVN,2005,49.066734
Slovenia,SVN,2006,41.742393
Slovenia,SVN,2007,43.8767
Slovenia,SVN,2008,46.808598
Slovenia,SVN,2009,49.67275
Slovenia,SVN,2010,43.94229
Slovenia,SVN,2011,39.577633
Slovenia,SVN,2012,39.59731
Slovenia,SVN,2013,37.473057
Slovenia,SVN,2014,37.720135
Slovenia,SVN,2015,36.63541
Slovenia,SVN,2016,35.4891
Slovenia,SVN,2017,34.07134
Slovenia,SVN,2018,34.761433
Slovenia,SVN,2019,31.886683
Slovenia,SVN,2020,31.355097
Slovenia,SVN,2021,30.075344
Solomon Islands,SLB,2000,206.13773
Solomon Islands,SLB,2001,205.17342
Solomon Islands,SLB,2002,209.60617
Solomon Islands,SLB,2003,214.5815
Solomon Islands,SLB,2004,197.64214
Solomon Islands,SLB,2005,207.0168
Solomon Islands,SLB,2006,206.81572
Solomon Islands,SLB,2007,225.0913
Solomon Islands,SLB,2008,235.96265
Solomon Islands,SLB,2009,235.98378
Solomon Islands,SLB,2010,233.54681
Solomon Islands,SLB,2011,231.2179
Solomon Islands,SLB,2012,227.49371
Solomon Islands,SLB,2013,222.16257
Solomon Islands,SLB,2014,216.08228
Solomon Islands,SLB,2015,208.75578
Solomon Islands,SLB,2016,199.76431
Solomon Islands,SLB,2017,195.09723
Solomon Islands,SLB,2018,191.48392
Solomon Islands,SLB,2019,187.94185
Solomon Islands,SLB,2020,198.20436
Solomon Islands,SLB,2021,202.90244
Somalia,SOM,2000,200.37827
Somalia,SOM,2001,195.50076
Somalia,SOM,2002,191.76756
Somalia,SOM,2003,188.77147
Somalia,SOM,2004,188.14978
Somalia,SOM,2005,185.82027
Somalia,SOM,2006,182.5928
Somalia,SOM,2007,179.91586
Somalia,SOM,2008,181.02878
Somalia,SOM,2009,179.15622
Somalia,SOM,2010,173.52226
Somalia,SOM,2011,166.63391
Somalia,SOM,2012,177.04651
Somalia,SOM,2013,179.60008
Somalia,SOM,2014,177.15324
Somalia,SOM,2015,175.20354
Somalia,SOM,2016,172.89992
Somalia,SOM,2017,172.75784
Somalia,SOM,2018,171.46957
Somalia,SOM,2019,170.05086
Somalia,SOM,2020,177.37564
Somalia,SOM,2021,157.52484
South Africa,ZAF,2000,82.24011
South Africa,ZAF,2001,80.62795
South Africa,ZAF,2002,87.05989
South Africa,ZAF,2003,90.678925
South Africa,ZAF,2004,89.73426
South Africa,ZAF,2005,87.996574
South Africa,ZAF,2006,95.263214
South Africa,ZAF,2007,96.24826
South Africa,ZAF,2008,97.82381
South Africa,ZAF,2009,96.69249
South Africa,ZAF,2010,104.86546
South Africa,ZAF,2011,98.977356
South Africa,ZAF,2012,98.27964
South Africa,ZAF,2013,95.40387
South Africa,ZAF,2014,95.651085
South Africa,ZAF,2015,95.61242
South Africa,ZAF,2016,92.6792
South Africa,ZAF,2017,87.462776
South Africa,ZAF,2018,84.44847
South Africa,ZAF,2019,79.95916
South Africa,ZAF,2020,91.96891
South Africa,ZAF,2021,76.75046
South America,OWID_SAM,2000,80.08519
South America,OWID_SAM,2001,77.67533
South America,OWID_SAM,2002,75.32626
South America,OWID_SAM,2003,74.317986
South America,OWID_SAM,2004,71.31048
South America,OWID_SAM,2005,67.07177
South America,OWID_SAM,2006,66.15898
South America,OWID_SAM,2007,63.60082
South America,OWID_SAM,2008,61.780716
South America,OWID_SAM,2009,59.62178
South America,OWID_SAM,2010,58.103703
South America,OWID_SAM,2011,56.228653
South America,OWID_SAM,2012,53.37099
South America,OWID_SAM,2013,51.39524
South America,OWID_SAM,2014,49.399998
South America,OWID_SAM,2015,48.68219
South America,OWID_SAM,2016,48.377483
South America,OWID_SAM,2017,45.930336
South America,OWID_SAM,2018,44.346195
South America,OWID_SAM,2019,43.463104
South America,OWID_SAM,2020,43.27442
South America,OWID_SAM,2021,44.352444
South Korea,KOR,2000,120.36551
South Korea,KOR,2001,112.27007
South Korea,KOR,2002,107.56295
South Korea,KOR,2003,102.776985
South Korea,KOR,2004,94.85374
South Korea,KOR,2005,84.328026
South Korea,KOR,2006,76.69783
South Korea,KOR,2007,69.01489
South Korea,KOR,2008,61.50567
South Korea,KOR,2009,53.48312
South Korea,KOR,2010,51.245445
South Korea,KOR,2011,46.262363
South Korea,KOR,2012,43.733383
South Korea,KOR,2013,40.655254
South Korea,KOR,2014,36.725838
South Korea,KOR,2015,34.43497
South Korea,KOR,2016,31.418114
South Korea,KOR,2017,28.999405
South Korea,KOR,2018,27.938656
South Korea,KOR,2019,24.888206
South Korea,KOR,2020,24.55699
South Korea,KOR,2021,24.695366
South Sudan,SSD,2000,117.30471
South Sudan,SSD,2001,110.40348
South Sudan,SSD,2002,105.58203
South Sudan,SSD,2003,102.99834
South Sudan,SSD,2004,101.01908
South Sudan,SSD,2005,98.583176
South Sudan,SSD,2006,96.42302
South Sudan,SSD,2007,94.28295
South Sudan,SSD,2008,92.0595
South Sudan,SSD,2009,91.741585
South Sudan,SSD,2010,89.053474
South Sudan,SSD,2011,84.8017
South Sudan,SSD,2012,83.82205
South Sudan,SSD,2013,84.373116
South Sudan,SSD,2014,87.43958
South Sudan,SSD,2015,94.79692
South Sudan,SSD,2016,99.496994
South Sudan,SSD,2017,107.56578
South Sudan,SSD,2018,115.11857
South Sudan,SSD,2019,114.87669
South Sudan,SSD,2020,119.55209
South Sudan,SSD,2021,115.23624
Spain,ESP,2000,44.437073
Spain,ESP,2001,43.25943
Spain,ESP,2002,41.42896
Spain,ESP,2003,41.56334
Spain,ESP,2004,37.29988
Spain,ESP,2005,36.69547
Spain,ESP,2006,33.77255
Spain,ESP,2007,32.991833
Spain,ESP,2008,31.028185
Spain,ESP,2009,29.10733
Spain,ESP,2010,27.170498
Spain,ESP,2011,25.33809
Spain,ESP,2012,24.58686
Spain,ESP,2013,22.408506
Spain,ESP,2014,21.59502
Spain,ESP,2015,21.77191
Spain,ESP,2016,20.341454
Spain,ESP,2017,19.855446
Spain,ESP,2018,19.326757
Spain,ESP,2019,18.508781
Spain,ESP,2020,18.498861
Spain,ESP,2021,17.715792
Sri Lanka,LKA,2000,158.6038
Sri Lanka,LKA,2001,146.25087
Sri Lanka,LKA,2002,143.63492
Sri Lanka,LKA,2003,146.42586
Sri Lanka,LKA,2004,146.27185
Sri Lanka,LKA,2005,149.94208
Sri Lanka,LKA,2006,150.78204
Sri Lanka,LKA,2007,144.74356
Sri Lanka,LKA,2008,142.94615
Sri Lanka,LKA,2009,136.99847
Sri Lanka,LKA,2010,128.43494
Sri Lanka,LKA,2011,126.38999
Sri Lanka,LKA,2012,120.71978
Sri Lanka,LKA,2013,118.641304
Sri Lanka,LKA,2014,113.875984
Sri Lanka,LKA,2015,109.59164
Sri Lanka,LKA,2016,102.69258
Sri Lanka,LKA,2017,100.35596
Sri Lanka,LKA,2018,97.24803
Sri Lanka,LKA,2019,92.25708
Sri Lanka,LKA,2020,67.688095
Sri Lanka,LKA,2021,83.64233
Sudan,SDN,2000,115.65016
Sudan,SDN,2001,113.61812
Sudan,SDN,2002,111.54184
Sudan,SDN,2003,108.74162
Sudan,SDN,2004,106.421036
Sudan,SDN,2005,104.95131
Sudan,SDN,2006,104.12332
Sudan,SDN,2007,103.26066
Sudan,SDN,2008,103.712425
Sudan,SDN,2009,102.57955
Sudan,SDN,2010,100.09899
Sudan,SDN,2011,102.41727
Sudan,SDN,2012,100.68526
Sudan,SDN,2013,101.19209
Sudan,SDN,2014,101.23635
Sudan,SDN,2015,100.10878
Sudan,SDN,2016,100.22604
Sudan,SDN,2017,99.76506
Sudan,SDN,2018,100.55703
Sudan,SDN,2019,99.734245
Sudan,SDN,2020,104.08924
Sudan,SDN,2021,98.08761
Suriname,SUR,2000,132.95285
Suriname,SUR,2001,131.94461
Suriname,SUR,2002,130.02501
Suriname,SUR,2003,125.94758
Suriname,SUR,2004,122.20237
Suriname,SUR,2005,118.7263
Suriname,SUR,2006,113.28533
Suriname,SUR,2007,108.18241
Suriname,SUR,2008,104.701324
Suriname,SUR,2009,100.12954
Suriname,SUR,2010,97.143036
Suriname,SUR,2011,93.53761
Suriname,SUR,2012,91.64373
Suriname,SUR,2013,96.05581
Suriname,SUR,2014,96.26019
Suriname,SUR,2015,95.81298
Suriname,SUR,2016,93.81477
Suriname,SUR,2017,93.04213
Suriname,SUR,2018,95.06931
Suriname,SUR,2019,95.39149
Suriname,SUR,2020,92.990814
Suriname,SUR,2021,75.20488
Sweden,SWE,2000,44.384388
Sweden,SWE,2001,42.653057
Sweden,SWE,2002,42.823547
Sweden,SWE,2003,40.432644
Sweden,SWE,2004,37.933456
Sweden,SWE,2005,34.541924
Sweden,SWE,2006,33.59229
Sweden,SWE,2007,31.918562
Sweden,SWE,2008,32.899937
Sweden,SWE,2009,31.37584
Sweden,SWE,2010,29.592466
Sweden,SWE,2011,28.616287
Sweden,SWE,2012,27.679594
Sweden,SWE,2013,26.094494
Sweden,SWE,2014,24.65336
Sweden,SWE,2015,23.210947
Sweden,SWE,2016,22.408482
Sweden,SWE,2017,21.02731
Sweden,SWE,2018,20.699625
Sweden,SWE,2019,18.957586
Sweden,SWE,2020,18.439255
Sweden,SWE,2021,18.099491
Switzerland,CHE,2000,29.45631
Switzerland,CHE,2001,27.657234
Switzerland,CHE,2002,26.78587
Switzerland,CHE,2003,27.956646
Switzerland,CHE,2004,24.988827
Switzerland,CHE,2005,24.432615
Switzerland,CHE,2006,23.319336
Switzerland,CHE,2007,22.678286
Switzerland,CHE,2008,21.566624
Switzerland,CHE,2009,20.764872
Switzerland,CHE,2010,19.801779
Switzerland,CHE,2011,18.486229
Switzerland,CHE,2012,18.19542
Switzerland,CHE,2013,18.481928
Switzerland,CHE,2014,16.936163
Switzerland,CHE,2015,16.908213
Switzerland,CHE,2016,16.134434
Switzerland,CHE,2017,15.913277
Switzerland,CHE,2018,15.494814
Switzerland,CHE,2019,14.917072
Switzerland,CHE,2020,15.275025
Switzerland,CHE,2021,14.471992
Syria,SYR,2000,127.92153
Syria,SYR,2001,122.83779
Syria,SYR,2002,120.50451
Syria,SYR,2003,109.80591
Syria,SYR,2004,103.96335
Syria,SYR,2005,97.87266
Syria,SYR,2006,93.39181
Syria,SYR,2007,89.5367
Syria,SYR,2008,88.806244
Syria,SYR,2009,86.45525
Syria,SYR,2010,88.20144
Syria,SYR,2011,89.46788
Syria,SYR,2012,88.29878
Syria,SYR,2013,89.726776
Syria,SYR,2014,90.81368
Syria,SYR,2015,89.547775
Syria,SYR,2016,88.58926
Syria,SYR,2017,89.38158
Syria,SYR,2018,90.00102
Syria,SYR,2019,88.27042
Syria,SYR,2020,90.376205
Syria,SYR,2021,87.84288
Tajikistan,TJK,2000,154.5786
Tajikistan,TJK,2001,157.37479
Tajikistan,TJK,2002,160.91064
Tajikistan,TJK,2003,162.8225
Tajikistan,TJK,2004,165.76834
Tajikistan,TJK,2005,171.6239
Tajikistan,TJK,2006,174.85886
Tajikistan,TJK,2007,180.19087
Tajikistan,TJK,2008,178.36882
Tajikistan,TJK,2009,175.15208
Tajikistan,TJK,2010,163.31528
Tajikistan,TJK,2011,153.71326
Tajikistan,TJK,2012,145.65309
Tajikistan,TJK,2013,131.77945
Tajikistan,TJK,2014,128.91652
Tajikistan,TJK,2015,124.6613
Tajikistan,TJK,2016,120.35843
Tajikistan,TJK,2017,115.27539
Tajikistan,TJK,2018,112.16705
Tajikistan,TJK,2019,109.571236
Tajikistan,TJK,2020,118.20686
Tajikistan,TJK,2021,112.81654
Tanzania,TZA,2000,85.81904
Tanzania,TZA,2001,81.31967
Tanzania,TZA,2002,83.08881
Tanzania,TZA,2003,83.3407
Tanzania,TZA,2004,83.879295
Tanzania,TZA,2005,84.55649
Tanzania,TZA,2006,85.33993
Tanzania,TZA,2007,85.71274
Tanzania,TZA,2008,86.022255
Tanzania,TZA,2009,86.652725
Tanzania,TZA,2010,84.85335
Tanzania,TZA,2011,82.848564
Tanzania,TZA,2012,78.16975
Tanzania,TZA,2013,79.615746
Tanzania,TZA,2014,78.287735
Tanzania,TZA,2015,79.20959
Tanzania,TZA,2016,78.33889
Tanzania,TZA,2017,78.5596
Tanzania,TZA,2018,80.82161
Tanzania,TZA,2019,83.47406
Tanzania,TZA,2020,86.469124
Tanzania,TZA,2021,93.72612
Thailand,THA,2000,82.55287
Thailand,THA,2001,80.21912
Thailand,THA,2002,83.42648
Thailand,THA,2003,83.53638
Thailand,THA,2004,84.29815
Thailand,THA,2005,81.78097
Thailand,THA,2006,79.31492
Thailand,THA,2007,75.774704
Thailand,THA,2008,72.41693
Thailand,THA,2009,68.79517
Thailand,THA,2010,68.32998
Thailand,THA,2011,65.92455
Thailand,THA,2012,62.922836
Thailand,THA,2013,60.898674
Thailand,THA,2014,61.070724
Thailand,THA,2015,60.662224
Thailand,THA,2016,61.628433
Thailand,THA,2017,60.8544
Thailand,THA,2018,61.89279
Thailand,THA,2019,63.8901
Thailand,THA,2020,64.80219
Thailand,THA,2021,64.73278
Togo,TGO,2000,176.41272
Togo,TGO,2001,173.79005
Togo,TGO,2002,171.85744
Togo,TGO,2003,170.95976
Togo,TGO,2004,166.55698
Togo,TGO,2005,164.5969
Togo,TGO,2006,163.21298
Togo,TGO,2007,160.47661
Togo,TGO,2008,161.1829
Togo,TGO,2009,159.08533
Togo,TGO,2010,156.50444
Togo,TGO,2011,155.7986
Togo,TGO,2012,155.16312
Togo,TGO,2013,155.0944
Togo,TGO,2014,154.16315
Togo,TGO,2015,153.13695
Togo,TGO,2016,152.03316
Togo,TGO,2017,148.9409
Togo,TGO,2018,146.9355
Togo,TGO,2019,145.13553
Togo,TGO,2020,149.8189
Togo,TGO,2021,145.74548
Tonga,TON,2000,83.06972
Tonga,TON,2001,81.07268
Tonga,TON,2002,79.979195
Tonga,TON,2003,79.473976
Tonga,TON,2004,77.5583
Tonga,TON,2005,73.56353
Tonga,TON,2006,73.92577
Tonga,TON,2007,74.51264
Tonga,TON,2008,74.77033
Tonga,TON,2009,75.48058
Tonga,TON,2010,76.41926
Tonga,TON,2011,76.22054
Tonga,TON,2012,75.91695
Tonga,TON,2013,75.63639
Tonga,TON,2014,75.19597
Tonga,TON,2015,74.56023
Tonga,TON,2016,72.866005
Tonga,TON,2017,72.10113
Tonga,TON,2018,70.68024
Tonga,TON,2019,69.499084
Tonga,TON,2020,67.42348
Tonga,TON,2021,70.67032
Trinidad and Tobago,TTO,2000,99.18894
Trinidad and Tobago,TTO,2001,95.88081
Trinidad and Tobago,TTO,2002,92.12061
Trinidad and Tobago,TTO,2003,91.57134
Trinidad and Tobago,TTO,2004,86.44484
Trinidad and Tobago,TTO,2005,81.897484
Trinidad and Tobago,TTO,2006,77.480804
Trinidad and Tobago,TTO,2007,75.40778
Trinidad and Tobago,TTO,2008,74.62357
Trinidad and Tobago,TTO,2009,73.283646
Trinidad and Tobago,TTO,2010,72.49974
Trinidad and Tobago,TTO,2011,68.05553
Trinidad and Tobago,TTO,2012,68.054214
Trinidad and Tobago,TTO,2013,71.3103
Trinidad and Tobago,TTO,2014,71.06224
Trinidad and Tobago,TTO,2015,71.130295
Trinidad and Tobago,TTO,2016,74.43083
Trinidad and Tobago,TTO,2017,72.39445
Trinidad and Tobago,TTO,2018,70.13668
Trinidad and Tobago,TTO,2019,69.49034
Trinidad and Tobago,TTO,2020,70.884384
Trinidad and Tobago,TTO,2021,69.89865
Tunisia,TUN,2000,108.07386
Tunisia,TUN,2001,106.76186
Tunisia,TUN,2002,105.0454
Tunisia,TUN,2003,104.32618
Tunisia,TUN,2004,102.31164
Tunisia,TUN,2005,99.9109
Tunisia,TUN,2006,97.40673
Tunisia,TUN,2007,94.839516
Tunisia,TUN,2008,92.33253
Tunisia,TUN,2009,90.55486
Tunisia,TUN,2010,88.98596
Tunisia,TUN,2011,85.75246
Tunisia,TUN,2012,83.820076
Tunisia,TUN,2013,82.69423
Tunisia,TUN,2014,81.04373
Tunisia,TUN,2015,80.30472
Tunisia,TUN,2016,78.85684
Tunisia,TUN,2017,78.291046
Tunisia,TUN,2018,76.58608
Tunisia,TUN,2019,74.49825
Tunisia,TUN,2020,76.55248
Tunisia,TUN,2021,73.16556
Turkey,TUR,2000,76.8116
Turkey,TUR,2001,72.219406
Turkey,TUR,2002,66.91978
Turkey,TUR,2003,62.43712
Turkey,TUR,2004,59.0029
Turkey,TUR,2005,56.31946
Turkey,TUR,2006,53.999092
Turkey,TUR,2007,52.830433
Turkey,TUR,2008,53.60279
Turkey,TUR,2009,56.094975
Turkey,TUR,2010,55.18716
Turkey,TUR,2011,54.24911
Turkey,TUR,2012,53.543423
Turkey,TUR,2013,53.473137
Turkey,TUR,2014,54.993877
Turkey,TUR,2015,56.225307
Turkey,TUR,2016,56.93418
Turkey,TUR,2017,55.236626
Turkey,TUR,2018,52.01749
Turkey,TUR,2019,52.29507
Turkey,TUR,2020,54.16282
Turkey,TUR,2021,48.4907
Turkmenistan,TKM,2000,124.50001
Turkmenistan,TKM,2001,135.88507
Turkmenistan,TKM,2002,144.68126
Turkmenistan,TKM,2003,153.42598
Turkmenistan,TKM,2004,169.52937
Turkmenistan,TKM,2005,186.49475
Turkmenistan,TKM,2006,186.34438
Turkmenistan,TKM,2007,177.63457
Turkmenistan,TKM,2008,175.73773
Turkmenistan,TKM,2009,155.35266
Turkmenistan,TKM,2010,142.09879
Turkmenistan,TKM,2011,140.73671
Turkmenistan,TKM,2012,141.50119
Turkmenistan,TKM,2013,141.53915
Turkmenistan,TKM,2014,144.3806
Turkmenistan,TKM,2015,144.20131
Turkmenistan,TKM,2016,141.97072
Turkmenistan,TKM,2017,142.23637
Turkmenistan,TKM,2018,141.27022
Turkmenistan,TKM,2019,141.36914
Turkmenistan,TKM,2020,146.3297
Turkmenistan,TKM,2021,142.87772
Tuvalu,TUV,2000,232.98624
Tuvalu,TUV,2001,228.35162
Tuvalu,TUV,2002,217.4598
Tuvalu,TUV,2003,208.89136
Tuvalu,TUV,2004,203.72824
Tuvalu,TUV,2005,199.21796
Tuvalu,TUV,2006,198.27696
Tuvalu,TUV,2007,193.90894
Tuvalu,TUV,2008,189.44473
Tuvalu,TUV,2009,188.80542
Tuvalu,TUV,2010,187.52429
Tuvalu,TUV,2011,184.68889
Tuvalu,TUV,2012,182.16028
Tuvalu,TUV,2013,180.75346
Tuvalu,TUV,2014,180.2662
Tuvalu,TUV,2015,177.64687
Tuvalu,TUV,2016,174.85767
Tuvalu,TUV,2017,173.15863
Tuvalu,TUV,2018,173.63426
Tuvalu,TUV,2019,171.40883
Tuvalu,TUV,2020,179.14648
Tuvalu,TUV,2021,169.53088
Uganda,UGA,2000,116.01255
Uganda,UGA,2001,117.72011
Uganda,UGA,2002,114.75807
Uganda,UGA,2003,109.76565
Uganda,UGA,2004,105.26788
Uganda,UGA,2005,98.07971
Uganda,UGA,2006,90.90478
Uganda,UGA,2007,84.462234
Uganda,UGA,2008,80.83786
Uganda,UGA,2009,76.21957
Uganda,UGA,2010,73.54793
Uganda,UGA,2011,72.49215
Uganda,UGA,2012,69.17427
Uganda,UGA,2013,67.63666
Uganda,UGA,2014,64.14557
Uganda,UGA,2015,61.378067
Uganda,UGA,2016,60.069366
Uganda,UGA,2017,58.404778
Uganda,UGA,2018,60.405716
Uganda,UGA,2019,63.09451
Uganda,UGA,2020,64.705
Uganda,UGA,2021,69.96831
Ukraine,UKR,2000,154.0998
Ukraine,UKR,2001,148.11746
Ukraine,UKR,2002,147.5939
Ukraine,UKR,2003,148.83495
Ukraine,UKR,2004,145.03046
Ukraine,UKR,2005,146.26349
Ukraine,UKR,2006,139.99313
Ukraine,UKR,2007,136.11865
Ukraine,UKR,2008,133.72195
Ukraine,UKR,2009,125.77854
Ukraine,UKR,2010,122.997574
Ukraine,UKR,2011,113.31007
Ukraine,UKR,2012,109.28639
Ukraine,UKR,2013,106.032486
Ukraine,UKR,2014,105.55594
Ukraine,UKR,2015,95.20113
Ukraine,UKR,2016,90.73394
Ukraine,UKR,2017,87.52806
Ukraine,UKR,2018,89.08749
Ukraine,UKR,2019,87.55169
Ukraine,UKR,2020,85.01245
Ukraine,UKR,2021,84.44617
United Arab Emirates,ARE,2000,65.76205
United Arab Emirates,ARE,2001,63.19526
United Arab Emirates,ARE,2002,61.96288
United Arab Emirates,ARE,2003,58.47263
United Arab Emirates,ARE,2004,57.311295
United Arab Emirates,ARE,2005,54.096684
United Arab Emirates,ARE,2006,49.51632
United Arab Emirates,ARE,2007,45.72174
United Arab Emirates,ARE,2008,44.147247
United Arab Emirates,ARE,2009,45.749245
United Arab Emirates,ARE,2010,49.61566
United Arab Emirates,ARE,2011,51.775726
United Arab Emirates,ARE,2012,52.388363
United Arab Emirates,ARE,2013,51.29331
United Arab Emirates,ARE,2014,51.729015
United Arab Emirates,ARE,2015,51.60253
United Arab Emirates,ARE,2016,52.0314
United Arab Emirates,ARE,2017,51.660603
United Arab Emirates,ARE,2018,49.952934
United Arab Emirates,ARE,2019,48.16404
United Arab Emirates,ARE,2020,45.134777
United Arab Emirates,ARE,2021,62.156586
United Kingdom,GBR,2000,45.95827
United Kingdom,GBR,2001,50.129986
United Kingdom,GBR,2002,49.85244
United Kingdom,GBR,2003,48.503304
United Kingdom,GBR,2004,44.212162
United Kingdom,GBR,2005,41.182755
United Kingdom,GBR,2006,38.394573
United Kingdom,GBR,2007,36.310215
United Kingdom,GBR,2008,35.52149
United Kingdom,GBR,2009,32.437057
United Kingdom,GBR,2010,31.669462
United Kingdom,GBR,2011,26.77597
United Kingdom,GBR,2012,26.26169
United Kingdom,GBR,2013,25.382534
United Kingdom,GBR,2014,24.2248
United Kingdom,GBR,2015,24.438446
United Kingdom,GBR,2016,22.943855
United Kingdom,GBR,2017,21.707775
United Kingdom,GBR,2018,21.848795
United Kingdom,GBR,2019,20.035543
United Kingdom,GBR,2020,20.365076
United Kingdom,GBR,2021,20.07086
United States,USA,2000,35.700836
United States,USA,2001,34.28968
United States,USA,2002,33.52692
United States,USA,2003,32.091217
United States,USA,2004,30.195024
United States,USA,2005,28.498806
United States,USA,2006,26.874393
United States,USA,2007,26.077019
United States,USA,2008,25.290068
United States,USA,2009,23.971033
United States,USA,2010,23.545204
United States,USA,2011,23.080454
United States,USA,2012,22.67509
United States,USA,2013,22.362555
United States,USA,2014,22.576475
United States,USA,2015,23.306204
United States,USA,2016,23.252495
United States,USA,2017,23.449219
United States,USA,2018,23.20235
United States,USA,2019,23.237627
United States,USA,2020,24.557266
United States,USA,2021,24.65816
Uruguay,URY,2000,74.64086
Uruguay,URY,2001,74.596466
Uruguay,URY,2002,70.448654
Uruguay,URY,2003,76.55251
Uruguay,URY,2004,75.0943
Uruguay,URY,2005,70.28449
Uruguay,URY,2006,62.610027
Uruguay,URY,2007,65.15173
Uruguay,URY,2008,55.962593
Uruguay,URY,2009,52.613266
Uruguay,URY,2010,51.864017
Uruguay,URY,2011,50.03776
Uruguay,URY,2012,47.020576
Uruguay,URY,2013,45.308285
Uruguay,URY,2014,42.67039
Uruguay,URY,2015,44.2092
Uruguay,URY,2016,43.788033
Uruguay,URY,2017,36.815872
Uruguay,URY,2018,35.960224
Uruguay,URY,2019,41.29131
Uruguay,URY,2020,39.977295
Uruguay,URY,2021,38.920147
Uzbekistan,UZB,2000,276.1643
Uzbekistan,UZB,2001,264.9793
Uzbekistan,UZB,2002,274.95428
Uzbekistan,UZB,2003,269.56213
Uzbekistan,UZB,2004,250.28423
Uzbekistan,UZB,2005,256.9757
Uzbekistan,UZB,2006,223.07742
Uzbekistan,UZB,2007,208.96222
Uzbekistan,UZB,2008,199.34009
Uzbekistan,UZB,2009,183.4392
Uzbekistan,UZB,2010,181.86884
Uzbekistan,UZB,2011,177.63629
Uzbekistan,UZB,2012,165.09692
Uzbekistan,UZB,2013,151.31929
Uzbekistan,UZB,2014,144.99188
Uzbekistan,UZB,2015,132.43932
Uzbekistan,UZB,2016,127.74129
Uzbekistan,UZB,2017,124.04569
Uzbekistan,UZB,2018,111.52611
Uzbekistan,UZB,2019,103.86532
Uzbekistan,UZB,2020,112.273384
Uzbekistan,UZB,2021,98.59497
Vanuatu,VUT,2000,240.52249
Vanuatu,VUT,2001,241.85236
Vanuatu,VUT,2002,241.59314
Vanuatu,VUT,2003,240.23717
Vanuatu,VUT,2004,238.87497
Vanuatu,VUT,2005,235.84453
Vanuatu,VUT,2006,238.52878
Vanuatu,VUT,2007,235.10167
Vanuatu,VUT,2008,231.4031
Vanuatu,VUT,2009,231.15543
Vanuatu,VUT,2010,222.07658
Vanuatu,VUT,2011,214.56337
Vanuatu,VUT,2012,208.56754
Vanuatu,VUT,2013,200.70702
Vanuatu,VUT,2014,192.83841
Vanuatu,VUT,2015,188.82272
Vanuatu,VUT,2016,182.54199
Vanuatu,VUT,2017,179.3504
Vanuatu,VUT,2018,177.9304
Vanuatu,VUT,2019,176.80487
Vanuatu,VUT,2020,178.32768
Vanuatu,VUT,2021,172.43239
Venezuela,VEN,2000,56.428772
Venezuela,VEN,2001,56.0168
Venezuela,VEN,2002,51.508663
Venezuela,VEN,2003,53.15416
Venezuela,VEN,2004,48.886192
Venezuela,VEN,2005,48.240623
Venezuela,VEN,2006,48.13073
Venezuela,VEN,2007,47.739826
Venezuela,VEN,2008,47.80817
Venezuela,VEN,2009,46.01805
Venezuela,VEN,2010,46.54755
Venezuela,VEN,2011,46.556763
Venezuela,VEN,2012,45.05404
Venezuela,VEN,2013,42.675068
Venezuela,VEN,2014,45.1424
Venezuela,VEN,2015,45.845253
Venezuela,VEN,2016,51.092445
Venezuela,VEN,2017,48.74022
Venezuela,VEN,2018,48.753437
Venezuela,VEN,2019,49.63618
Venezuela,VEN,2020,57.571465
Venezuela,VEN,2021,59.07817
Vietnam,VNM,2000,186.12056
Vietnam,VNM,2001,187.95572
Vietnam,VNM,2002,188.92178
Vietnam,VNM,2003,190.62509
Vietnam,VNM,2004,194.34474
Vietnam,VNM,2005,196.26515
Vietnam,VNM,2006,198.33307
Vietnam,VNM,2007,201.57753
Vietnam,VNM,2008,203.35835
Vietnam,VNM,2009,203.81444
Vietnam,VNM,2010,204.39928
Vietnam,VNM,2011,202.96118
Vietnam,VNM,2012,200.52664
Vietnam,VNM,2013,198.71349
Vietnam,VNM,2014,197.65079
Vietnam,VNM,2015,197.07906
Vietnam,VNM,2016,194.48735
Vietnam,VNM,2017,191.34747
Vietnam,VNM,2018,188.86172
Vietnam,VNM,2019,186.89618
Vietnam,VNM,2020,169.10608
Vietnam,VNM,2021,177.02739
World,OWID_WRL,2000,113.36939
World,OWID_WRL,2001,112.64693
World,OWID_WRL,2002,112.48104
World,OWID_WRL,2003,113.074394
World,OWID_WRL,2004,110.81894
World,OWID_WRL,2005,108.29799
World,OWID_WRL,2006,102.78179
World,OWID_WRL,2007,99.62729
World,OWID_WRL,2008,98.1311
World,OWID_WRL,2009,95.90197
World,OWID_WRL,2010,94.520966
World,OWID_WRL,2011,91.32188
World,OWID_WRL,2012,88.53624
World,OWID_WRL,2013,86.18272
World,OWID_WRL,2014,84.367004
World,OWID_WRL,2015,83.05193
World,OWID_WRL,2016,81.822075
World,OWID_WRL,2017,80.583984
World,OWID_WRL,2018,79.5593
World,OWID_WRL,2019,78.41045
World,OWID_WRL,2020,77.35787
World,OWID_WRL,2021,76.26759
Yemen,YEM,2000,165.22807
Yemen,YEM,2001,161.72543
Yemen,YEM,2002,157.92845
Yemen,YEM,2003,154.07947
Yemen,YEM,2004,151.20306
Yemen,YEM,2005,147.77753
Yemen,YEM,2006,144.3794
Yemen,YEM,2007,142.94753
Yemen,YEM,2008,140.99641
Yemen,YEM,2009,138.685
Yemen,YEM,2010,135.97969
Yemen,YEM,2011,133.4292
Yemen,YEM,2012,131.34262
Yemen,YEM,2013,130.86046
Yemen,YEM,2014,130.55072
Yemen,YEM,2015,128.72214
Yemen,YEM,2016,130.23462
Yemen,YEM,2017,130.47017
Yemen,YEM,2018,131.29713
Yemen,YEM,2019,132.84807
Yemen,YEM,2020,137.73613
Yemen,YEM,2021,129.3328
Zambia,ZMB,2000,129.97891
Zambia,ZMB,2001,128.72011
Zambia,ZMB,2002,126.749245
Zambia,ZMB,2003,122.65716
Zambia,ZMB,2004,120.47208
Zambia,ZMB,2005,115.492455
Zambia,ZMB,2006,118.53518
Zambia,ZMB,2007,114.78688
Zambia,ZMB,2008,115.49716
Zambia,ZMB,2009,112.88418
Zambia,ZMB,2010,111.756485
Zambia,ZMB,2011,117.69501
Zambia,ZMB,2012,115.8891
Zambia,ZMB,2013,114.18638
Zambia,ZMB,2014,114.28827
Zambia,ZMB,2015,114.753
Zambia,ZMB,2016,114.21139
Zambia,ZMB,2017,110.02436
Zambia,ZMB,2018,111.63992
Zambia,ZMB,2019,115.413765
Zambia,ZMB,2020,132.6052
Zambia,ZMB,2021,137.19379
Zimbabwe,ZWE,2000,102.68122
Zimbabwe,ZWE,2001,107.48957
Zimbabwe,ZWE,2002,113.25543
Zimbabwe,ZWE,2003,118.9149
Zimbabwe,ZWE,2004,125.6735
Zimbabwe,ZWE,2005,127.38233
Zimbabwe,ZWE,2006,126.69213
Zimbabwe,ZWE,2007,128.37833
Zimbabwe,ZWE,2008,134.42007
Zimbabwe,ZWE,2009,137.3038
Zimbabwe,ZWE,2010,154.56784
Zimbabwe,ZWE,2011,154.06741
Zimbabwe,ZWE,2012,150.1902
Zimbabwe,ZWE,2013,151.10025
Zimbabwe,ZWE,2014,150.19179
Zimbabwe,ZWE,2015,151.61856
Zimbabwe,ZWE,2016,152.71259
Zimbabwe,ZWE,2017,152.02672
Zimbabwe,ZWE,2018,153.49876
Zimbabwe,ZWE,2019,149.38826
Zimbabwe,ZWE,2020,161.72754
Zimbabwe,ZWE,2021,151.24278